school,department_name,harvard_equivalent,nih_2018
Harvard,BIOLOGICAL CHEMISTRY AND MOLECULAR PHARMACOLOGY,BCMP,13289960
Harvard,BIOMEDICAL INFORMATICS,DBMI,14696873
Harvard,CELL BIOLOGY,CB,14983513
Harvard,GENETICS,Gn,22502523
Harvard,GLOBAL HEALTH AND SOCIAL MEDICINE,GHSM,6852034
Harvard,HEALTH CARE POLICY,HCP,4584507
Harvard,MICROBIOLOGY AND IMMUNOBIOLOGY,Mb;Imm,29961329
Harvard,IMMUNOLOGY,Imm,NA
Harvard,MICROBIOLOGY,Mb,NA
Harvard,NEUROBIOLOGY,Nb,24958119
Harvard,STEM CELL AND REGENERATIVE BIOLOGY,SCRB,14087620
Harvard,SYSTEMS BIOLOGY,SB,14295453
Southern Cal-Keck,BIOCHEMISTRY AND MOLECULAR MEDICINE,BCMP,NA
Southern Cal-Keck,INTEGRATIVE ANATOMICAL SCIENCE,NA,NA
Southern Cal-Keck,MEDICAL EDUCATION,NA,NA
Southern Cal-Keck,MOLECULAR MICROBIOLOGY AND IMMUNOLOGY,CB;Mb;Im,NA
Southern Cal-Keck,PHYSIOLOGY AND NEUROSCIENCE,Nb,18166319
Southern Cal-Keck,POPULATION AND PUBLIC HEALTH SCIENCES,GHSM,NA
Southern Cal-Keck,STEM CELL BIOLOGY AND REGENERATIVE MEDICINE,SCRB,NA
Southern Cal-Keck,TRANSLATIONAL GENOMICS,Gn,NA
Boston,ANATOMY AND NEUROBIOLOGY,Nb,5054274
Boston,BIOCHEMISTRY,CB;Nb;BCMP;Gn,8814901
Boston,MEDICAL SCIENCES AND EDUCATION,NA,NA
Boston,MICROBIOLOGY,Mb;Imm,15747951
Boston,PATHOLOGY AND LABORATORY MEDICINE,SCRB;CB,1713678
Boston,PHARMACOLOGY AND EXPERIMENTAL THERAPEUTICS,BCM,14375519
Boston,PHYSIOLOGY AND BIOPHYSICS,CB,2497470
Case Western Reserve,ANATOMY,NA,NA
Case Western Reserve,BIOCHEMISTRY,BCMP;CB,NA
Case Western Reserve,BIOMEDICAL ENGINEERING,NA,NA
Case Western Reserve,GENETICS AND GENOME SCIENCES,Gn,NA
Case Western Reserve,MOLECULAR BIOL AND MICROBIOLOGY,Mb,NA
Case Western Reserve,MOLECULAR MEDICINE,BCMP,75211687
Case Western Reserve,NEUROSCIENCES,Nb,NA
Case Western Reserve,NUTRITION,NA,NA
Case Western Reserve,PATHOLOGY,Imm;CB,NA
Case Western Reserve,PHARMACOLOGY,BCMP,NA
Case Western Reserve,PHYSIOLOGY AND BIOPHYSICS,BCMP,NA
Case Western Reserve,POPULATION AND QUANTITATIVE HEALTH SCIENCES,SB,NA
Johns Hopkins,BIOLOGICAL CHEMISTRY,BCMP,4648204
Johns Hopkins,BIOMEDICAL ENGINEERING,NA,7885249
Johns Hopkins,BIOPHYSICS AND BIOPHYSICAL CHEMISTRY,BCMP,3105610
Johns Hopkins,MOLECULAR AND COMPARATIVE PATHOBIOLOGY,Mb,7842451
Johns Hopkins,CELL BIOLOGY,CB,12196695
Johns Hopkins,MOLECULAR BIOLOGY AND GENETICS,Gn,7560564
Johns Hopkins,NEUROSCIENCE,Nb,17329900
Johns Hopkins,PHARMACOLOGY AND MOLECULAR SCIENCES,BCMP,4287518
Johns Hopkins,PHYSIOLOGY,NA,7845963
Northwestern-Feinberg,BIOCHEMISTRY AND MOLECULAR GENETICS,BCMP;Gn,3639424
Northwestern-Feinberg,CELL AND DEVELOPMENTAL BIOLOGY,CB,NA
Northwestern-Feinberg,MICROBIOLOGY-IMMUNOLOGY,Mb;Imm,9555254
Northwestern-Feinberg,NEUROSCIENCE,Nb,NA
Northwestern-Feinberg,PHARMACOLOGY,BCMP,10455532
Drexel,BIOCHEMISTRY AND MOLECULAR BIOLOGY,BCMP;CB,4241244
Drexel,MICROBIOLOGY AND IMMUNOLOGY,Mb;Imm,4193682
Drexel,NEUROBIOLOGY AND ANATOMY,Nb,6919546
Drexel,PHARMACOLOGY AND PHYSIOLOGY,BCMP,3462288
George Washington,ANATOMY AND CELL BIOLOGY,CB,NA
George Washington,BIOCHEMISTRY AND MOLECULAR MEDICINE,BCMP,1808868
George Washington,GENOMICS AND PRECISION MEDICINE,Gn,NA
George Washington,MICROBIOLOGY IMMUNOLOGY AND TROPICAL MEDICINE,Mb;Imm,NA
George Washington,PATHOLOGY,NA,NA
George Washington,PHARMACOLOGY AND PHYSIOLOGY,BCMP,7701148
Georgetown,BIOCHEMISTRY MOLEC BIOLOGY AND CELL BIOLOGY,BCMP;Cb,1689670
Georgetown,BIOLOGY,NA,NA
Georgetown,BIOSTATISTICS BIOINFORMATICS AND BIOMATHEMATICS,DBMI;SB,NA
Georgetown,HUMAN SCIENCE,GHSM,NA
Georgetown,MICROBIOLOGY AND IMMUNOLOGY,Mb;Imm,NA
Georgetown,NEUROSCIENCE,Nb,3358390
Georgetown,ONCOLOGY,CB,17009610
Georgetown,PATHOLOGY,NA,NA
Georgetown,PHARMACOLOGY AND PHYSIOLOGY,BCMP,1640634
Georgetown,RADIATION MEDICINE,NA,NA
Tufts,DEVELOPMENTAL MOLEC AND CHEMICAL BIOL,BCMP,5597499
Tufts,IMMUNOLOGY,Imm,NA
Tufts,MOLECULAR BIOLOGY AND MICROBIOLOGY,Mb;Gn,10544749
Tufts,NEUROSCIENCE,Nb,10644319
Columbia-Vagelos,BIOCHEMISTRY AND MOLECULAR BIOPHYSICS,BCMP,25320190
Columbia-Vagelos,BIOMEDICAL INFORMATICS,DBMI,NA
Columbia-Vagelos,GENETICS AND DEVELOPMENT,Gn,14578185
Columbia-Vagelos,MEDICAL HUMANITIES AND ETHICS,GHSM,NA
Columbia-Vagelos,MICROBIOLOGY AND IMMUNOLOGY,Mb;Imm,8034207
Columbia-Vagelos,MOLECULAR PHARMACOLOGY AND THERAPEUTICS,BCMP,NA
Columbia-Vagelos,NEUROSCIENCE,Nb,17064818
Columbia-Vagelos,PHYSIOLOGY AND CELLULAR BIOPHYSICS,CB,7595063
Columbia-Vagelos,SYSTEMS BIOLOGY,SB,626757
Ohio State,BIOLOGICAL CHEMISTRY AND PHARMACOLOGY,BCMP,3728361
Ohio State,BIOMEDICAL INFORMATICS,DBMI,435907
Ohio State,CANCER BIOLOGY AND GENETICS,Gen;CB,4420627
Ohio State,BIOMEDICAL EDUCATION AND ANATOMY,NA,NA
Ohio State,MICROBIAL INFECTION AND IMMUNITY,Mb;Imm,5121254
Ohio State,NEUROSCIENCE,Nb,6121014
Ohio State,PHYSIOLOGY AND CELL BIOLOGY,CB,9706109
Pennsylvania-Perelman,BIOCHEMISTRY AND BIOPHYSICS,BCMP,7495238
Pennsylvania-Perelman,BIOSTATISTICS EPIDEMIOLOGY AND INFORMATICS,DBMI;SB,25399567
Pennsylvania-Perelman,CANCER BIOLOGY,CB,7409704
Pennsylvania-Perelman,CELL AND DEVELOPMENTAL BIOLOGY,CB,16424618
Pennsylvania-Perelman,GENETICS,Gn,10859779
Pennsylvania-Perelman,MEDICAL ETHICS AND HEALTH POLICY,GHSM;HCP,4307002
Pennsylvania-Perelman,MICROBIOLOGY,Mb,14134132
Pennsylvania-Perelman,NEUROSCIENCE,Nb,17569009
Pennsylvania-Perelman,PHYSIOLOGY,NA,7638954
Pennsylvania-Perelman,SYSTEMS PHARMACOLOGY AND TRANSLATIONAL THERAPEUTICS,BCMP,30589435
Yale,CELLULAR AND MOLECULAR PHYSIOLOGY,BCMP;CB,10319052
Yale,GENETICS,Gn,16402335
Yale,IMMUNOBIOLOGY,Imm,12245346
Yale,MOLECULAR BIOPHYSICS AND BIOCHEMISTRY,BCMP,14156788
Yale,NEUROSCIENCE,Nb,9085137
Yale,CELL BIOLOGY,CB,12026152
Yale,MICROBIAL PATHOGENESIS,Mb,8564587
Yale,COMPARATIVE MEDICINE,NA,10373862
Yale,LABORATORY MEDICINE,NA,5215217
Stanford,BIOCHEMISTRY,BCMP,10291583
Stanford,BIOENGINEERING,NA,13064172
Stanford,BIOMEDICAL DATA SCIENCES,DBMI,NA
Stanford,CHEMICAL AND SYSTEMS BIOLOGY,SB,7239999
Stanford,COMPARATIVE MEDICINE,NA,2528802
Stanford,DEVELOPMENTAL BIOLOGY,NA,9207359
Stanford,EPIDEMIOLOGY AND POPULATION HEALTH,NA,NA
Stanford,GENETICS,Gn,47625285
Stanford,MICROBIOLOGY AND IMMUNOLOGY,Mb;Imm,14818291
Stanford,MOLECULAR AND CELLULAR PHYSIOLOGY,BCMP;CB,8969109
Stanford,NEUROBIOLOGY,Nb,7522184
Stanford,STRUCTURAL BIOLOGY,NA,10080314
Indiana,ANATOMY CELL BIOLOGY AND PHYSIOLOGY,CB,5579419
Indiana,BIOCHEMISTRY AND MOLECULAR BIOLOGY,BCMP,7523984
Indiana,BIOSTATISTICS AND HEALTH DATA SCIENCE,DBMI;SB,1274130
Indiana,MICROBIOLOGY AND IMMUNOLOGY,Mb;Imm,9681304
Indiana,PHARMACOLOGY AND TOXICOLOGY,BCMP,5176083
U Washington,BIOCHEMISTRY,BCMP,13609558
U Washington,BIOENGINEERING,NA,7561810
U Washington,BIOETHICS AND HUMANITIES,GHSM,NA
U Washington,BIOMEDICAL INFORMATICS AND MEDICAL EDUCATION,DBMI,1839095
U Washington,BIOLOGICAL STRUCTURE,NA,5056030
U Washington,GENOME SCIENCES,Gn,20949701
U Washington,GLOBAL HEALTH,GHSM,16660200
U Washington,IMMUNOLOGY,Imm,11395827
U Washington,MICROBIOLOGY,Mb,10259224
U Washington,MOLECULAR AND CELLULAR BIOLOGY,CB,NA
U Washington,NEUROSCIENCE,Nb,NA
U Washington,PATHOLOGY,NA,24718297
U Washington,MOLECULAR MEDICINE AND MECHANISMS OF DISEASE,NA,NA
U Washington,PHARMACOLOGY,BCMP,7511128
U Washington,PHYSIOLOGY AND BIOPHYSICS,BCMP,12114301
U Washington,REHABILITATION MEDICINE,NA,3107683
Jefferson-Kimmel,BIOCHEMISTRY AND MOLECULAR BIOLOGY,BCMP,6517341
Jefferson-Kimmel,CANCER BIOLOGY,NA,8318305
Jefferson-Kimmel,MICROBIOLOGY AND IMMUNOLOGY,Mb;Imm,4595971
Jefferson-Kimmel,MOLECULAR PHYSIOLOGY AND BIOPHYSICS,BCMP,NA
Jefferson-Kimmel,NEUROSCIENCE,Nb,7926748
Jefferson-Kimmel,PATHOLOGY ANATOMY AND CELL BIOLOGY,CB,7886704
Jefferson-Kimmel,PHARMACOLOGY AND EXPERIMENTAL THERAPEUTICS,BCMP,805136
MC Wisconsin,BIOCHEMISTRY,BCMP,5537537
MC Wisconsin,BIOMEDICAL ENGINEERING,NA,2279536
MC Wisconsin,BIOPHYSICS,BCMP,683069
MC Wisconsin,CELL BIOLOGY NEUROBIOLOGY AND ANATOMY,CB;Nb,NA
MC Wisconsin,PHARMACOLOGY AND TOXICOLOGY,BCMP,4711478
MC Wisconsin,PHYSIOLOGY,NA,6662291
NYU-Grossman,BIOCHEMISTRY AND MOLEC PHARMACOLOGY,BCMP,11238610
NYU-Grossman,CELL BIOLOGY,CB,9415534
NYU-Grossman,ENVIRONMENTAL MEDICINE,NA,6947453
NYU-Grossman,MICROBIOLOGY,Mb,11972146
NYU-Grossman,NEUROSCIENCE AND PHYSIOLOGY,Nb,190519
NYU-Grossman,PATHOLOGY,NA,20132370
NYU-Grossman,POPULATION HEALTH,GHSM,NA
UC San Fransisco,ANATOMY,NA,12158134
UC San Fransisco,BIOCHEMISTRY AND BIOPHYSICS,BCMP,23733956
UC San Fransisco,CELLULAR AND MOLECULAR PHARMACOLOGY,BCMP;CB,15522051
UC San Fransisco,EPIDEMIOLOGY AND BIOSTATISTICS,SB,14309908
UC San Fransisco,LABORATORY MEDICINE,NA,5337792
UC San Fransisco,HUMANITIES AND SOCIAL SCIENCES,GHSM,1198567
UC San Fransisco,MICROBIOLOGY AND IMMUNOLOGY,Mb;Imm,13823123
UC San Fransisco,PHYSIOLOGY,NA,14872286
Miami-Miller,BIOCHEMISTRY AND MOLECULAR BIOLOGY,BCMP,4513682
Miami-Miller,CELL BIOLOGY,CB,2457853
Miami-Miller,MICROBIOLOGY AND IMMUNOLOGY,Mb;Imm,9125108
Miami-Miller,MOLECULAR AND CELLULAR PHARMACOLOGY,BCMP;CB,3061222
Miami-Miller,PHYSIOLOGY AND BIOPHYSICS,BCMP,2470008
Miami-Miller,PUBLIC HEALTH SCIENCES,NA,5388374
Illinois,MEDICAL INFORMATION SCIENCE,DBMI,NA
Illinois,BIOCHEMISTRY,BCMP,377748
Illinois,CELL AND DEVELOPMENTAL BIOLOGY,CB,NA
Illinois,MICROBIOLOGY,Mb,NA
Illinois,MOLECULAR AND INTEGRATIVE PHYSIOLOGY,NA,NA
Illinois,PATHOLOGY,NA,1121037
Illinois,PHARMACOLOGY,BCMP,12356988
Illinois,BIOMEDICAL SCIENCES,DBMI,725319
Illinois,CANCER BIOLOGY AND PHARMACOLOGY,NA,1078762
Illinois,ANATOMY AND CELL BIOLOGY,CB,2915221
Illinois,BIOCHEMISTRY AND MOLECULAR GENETICS,Gn,6730138
Illinois,BIOENGINEERING,NA,3214034
Illinois,MICROBIOLOGY AND IMMUNOLOGY,Mb;Imm,5498922
Illinois,PHARMACOLOGY AND REGENERATIVE MEDICINE,SCRB,NA
Washington U St Louis,BIOCHEMISTRY AND MOLECULAR BIOPHYSICS,BCMP,5017748
Washington U St Louis,CELL BIOLOGY AND PHYSIOLOGY,CB,7658112
Washington U St Louis,DEVELOPMENTAL BIOLOGY,NA,7002802
Washington U St Louis,GENETICS,Gn,14577595
Washington U St Louis,MOLECULAR MICROBIOLOGY,Mb,14964327
Washington U St Louis,NEUROSCIENCE,Nb,21785337
Washington U St Louis,PATHOLOGY AND IMMUNOLOGY,Imm,33474950
Washington U St Louis,BIOSTATISTICS,SB,842589
Tulane,BIOCHEMISTRY AND MOLECULAR BIOLOGY,BCMP,2425489
Tulane,MICROBIOLOGY AND IMMUNOLOGY,Mb;Imm,10479645
Tulane,PATHOLOGY AND LABORATORY MEDICINE,NA,2750980
Tulane,PHARMACOLOGY,BCMP,2071485
Tulane,PHYSIOLOGY,NA,2030627
Tulane,STRUCTURAL AND CELLULAR BIOLOGY,CB,688538
Duke,BIOCHEMISTRY,BCMP,5903617
Duke,BIOSTATISTICS AND BIOINFORMATICS,SB;DBMI,18312249
Duke,CELL BIOLOGY,CB,12927520
Duke,IMMUNOLOGY,Imm,4410734
Duke,MOLECULAR GENETICS AND MICROBIOLOGY,Mb;Gn,19767470
Duke,NEUROBIOLOGY,Nb,8137284
Duke,PHARMACOLOGY AND CANCER BIOLOGY,BCMP;CB,15718996
Duke,POPULATION HEALTH SCIENCES,GHSM,3000221
Wake Forest,BIOCHEMISTRY,BCMP,1483892
Wake Forest,BIOMEDICAL ENGINEERING,NA,661046
Wake Forest,BIOSTATISTICAL SCIENCES,SB;DBMI,3152454
Wake Forest,CANCER BIOLOGY,CB,7431341
Wake Forest,COMPARATIVE MEDICINE,NA,NA
Wake Forest,EPIDEMIOLOGY AND PREVENTION,NA,NA
Wake Forest,IMPLEMENTATION SCIENCE,NA,NA
Wake Forest,MICROBIOLOGY AND IMMUNOLOGY,Mb;Imm,1596227
Wake Forest,MOLECULAR MEDICINE,BCMP,NA
Wake Forest,NEUROBIOLOGY AND ANATOMY,Nb,3716481
Wake Forest,PUBLIC HEALTH SCIENCES,NA,9830067
Wake Forest,SOCIAL SCIENCES AND HEALTH POLICY,HCP;GHSM,2231223
Wayne State,OPHTHAMOLOGY VISUAL AND ANATOMICAL SCIENCES,NA,NA
Wayne State,BIOCHEMISTRY AND MOLECULAR BIOLOGY,BCMP,49524
Wayne State,IMMUNOLOGY AND MICROBIOLOGY,Mb;Imm,1263718
Wayne State,ONCOLOGY,CB,10117193
Wayne State,PHARMACOLOGY,BCMP,1722787
Wayne State,PHYSIOLOGY,BCMP,5048369
Cornell-Weill,BIOCHEMISTRY,BCMP,4427837
Cornell-Weill,BRAIN AND MIND RESEARCH INSTITUTE,Nb,2297828
Cornell-Weill,CELL AND DEVELOPMENTAL BIOLOGY,CB,941203
Cornell-Weill,GENETIC MEDICINE,Gn,2096724
Cornell-Weill,MICROBIOLOGY AND IMMUNOLOGY,Mb;Imm,14691188
Cornell-Weill,PHARMACOLOGY,BCMP,7666879
Cornell-Weill,PHYSIOLOGY AND BIOPHYSICS,BCMP,10085450
Brown-Alpert,ECOLOGY AND EVOLUTIONARY BIOLOGY,NA,5302760
Brown-Alpert,MOLECULAR BIOL CELL BIOL AND BIOCHEMISTRY,BCMP;CB,10463662
Brown-Alpert,MOLECULAR MICROBIOLOGY AND IMMUNOLOGY,Mb;Imm,3977727
Brown-Alpert,MOLECULAR PHARM PHYSIOLOGY AND BIOTECH,BCMP,2010530
Brown-Alpert,NEUROSCIENCE,Nb,12273436
Brown-Alpert,PATHOLOGY AND LAB MEDICINE,NA,5030176
Brown-Alpert,MEDICAL SCIENCE,NA,NA
Einstein,ANATOMY AND STRUCTURAL BIOLOGY,NA,NA
Einstein,BIOCEHMISTRY,BCMP,NA
Einstein,CELL BIOLOGY,CB,NA
Einstein,DEVELOPMENTAL AND MOLECULAR BIOLOGY,BCMP,NA
Einstein,EPIDEMIOLOGY AND POPULATION HEALTH,GBSM,NA
Einstein,GENETICS,Gn,NA
Einstein,MICROBIOLOGY AND IMMUNOLOGY,Mb;Imm,NA
Einstein,MOLECULAR PHARMACOLOGY,BCMP,NA
Einstein,NEUROSCIENCE,Nb,NA
Einstein,PATHOLOGY,NA,NA
Einstein,PHYSIOLOGY AND BIOPHYSICS,BCMP,NA
Temple-Katz,CENTER FOR BIOSTATISTICS AND EPIDEMIOLOGY,DBMI,NA
Temple-Katz,FELS INST FOR CANCER RESEARCH AND MOLECULAR BIOLOGY,CB,3918065
Temple-Katz,CENTER FOR TRANSLATIONAL MEDICINE,BCMP,2362544
Temple-Katz,CARDIOVASCULAR RESEARCH CENTER,NA,6933296
Temple-Katz,LEMOLE CENTER FOR INTEGRATED LYMPHATICS RESEARCH,NA,NA
Temple-Katz,CENTER FOR METABOLIC DISEASE RESEARCH,NA,2171293
Temple-Katz,THROMBOSIS RESEARCH CENTER,NA,3080210
Temple-Katz,MEDICAL GENETICS AND MOLEC BIOCHEMISTRY,Gn;BCMP,961378
Temple-Katz,MICROBIOLOGY AND IMMUNOLOGY,Mb;Imm,1798143
Temple-Katz,NEUROVIROLOGY AND GENE EDITING,Gn;Nb,NA
Temple-Katz,LUNG RESEARCH CENTER,NA,970459
Temple-Katz,CENTER FOR SUBSTANCE ABUSE RESEARCH,Nb,4280881
Temple-Katz,ALZHEIMER'S CENTER,Nb,NA
Temple-Katz,SHRINERS HOSPITALS PEDIATRIC RESEARCH CENTER,Nb,3725657
Temple-Katz,PATHOLOGY AND LAB MEDICINE,NA,2844459
Temple-Katz,CENTER FOR URBAN BIOETHICS,GHSM,NA
Temple-Katz,CENTER FOR ASIAN HEALTH,GHSM,1671024
Temple-Katz,HOPE CENTER FOR COLLEGE COMMUNITY AND JUSTICE,GHSM,NA
Dartmouth-Geisel,BIOCHEMISTRY AND CELL BIOLOGY,BCMP;CB,9796295
Dartmouth-Geisel,BIOMEDICAL DATA SCIENCE,DBMI,1682057
Dartmouth-Geisel,EPIDEMIOLOGY,NA,9449750
Dartmouth-Geisel,HEALTH POLICY AND CLINICAL PRACTICE,HCP,2292578
Dartmouth-Geisel,MICROBIOLOGY AND IMMUNOLOGY,Mb;Imm,14560555
Dartmouth-Geisel,MOLECULAR AND SYSTEMS BIOLOGY,SB,3496836
Chicago-Pritzker,BEN MAY DEPARTMENT FOR CANCER RESEARCH,CB,NA
Chicago-Pritzker,BIOCHEMISTRY AND MOLECULAR BIOLOGY,BCMP,9215875
Chicago-Pritzker,ECOLOGY AND EVOLUTION,NA,1928769
Chicago-Pritzker,HUMAN GENETICS,Gn,6459064
Chicago-Pritzker,MICROBIOLOGY,Mb,5199435
Chicago-Pritzker,MOLECULAR GENETICS AND CELL BIOLOGY,Gn;CB,6849118
Chicago-Pritzker,NEUROBIOLOGY,Nb,17728912
Chicago-Pritzker,ORGANISMAL BIOLOGY AND ANATOMY,NA,3001843
Chicago-Pritzker,PHARMACOLOGICAL AND PHYSIOLOGICAL SCIS,BCMP,1174525
Chicago-Pritzker,PUBLIC HEALTH SCIENCES,GHSM,4532393
Pittsburgh,BIOMEDICAL INFORMATICS,DBMI,8516874
Pittsburgh,CELL BIOLOGY,CB,3851981
Pittsburgh,COMPUTATIONAL AND SYSTEMS BIOLOGY,SB,9396495
Pittsburgh,DEVELOPMENTAL BIOLOGY,NA,3492117
Pittsburgh,IMMUNOLOGY,Imm,10678519
Pittsburgh,MICROBIOLOGY AND MOLECULAR GENETICS,Mb;Gn,13093768
Pittsburgh,NEUROBIOLOGY,Nb,8091021
Pittsburgh,PATHOLOGY,NA,9944026
Pittsburgh,PHARMACOLOGY AND CHEMICAL BIOLOGY,BCMP,15208878
Pittsburgh,STRUCTURAL BIOLOGY,NA,9054110
Eastern Virginia,MICROBIOLOGY AND MOLECULAR CELL BIOLOGY,BCMP;CB;Mb,2277551
Eastern Virginia,PATHOLOGY AND ANATOMY,NA,NA
Eastern Virginia,PHYSIOLOGICAL SCIENCES,NA,387231
New York Medical,BIOCHEMISTRY AND MOLECULAR BIOLOGY,BCMP,NA
New York Medical,CELL BIOLOGY AND ANATOMY,CB,1429623
New York Medical,PATHOLOGY,NA,615000
New York Medical,MICROBIOLOGY AND IMMUNOLOGY,Mb;Imm,416075
New York Medical,PHARMACOLOGY,BCMP,3588255
New York Medical,PHYSIOLOGY,NA,1206901
New York Medical,PUBLIC HEALTH,GHSM,NA
USF-Morsani,MOLECULAR MEDICINE,BCMP,2897135
USF-Morsani,MOLECULAR PHARMACOLOGY AND PHYSIOLOGY,BCMP,4586474
USF-Morsani,PATHOLOGY AND CELL BIOLOGY,CB,274884
Emory,BIOCHEMISTRY,BCMP,2992059
Emory,BIOMEDICAL ENGINEERING,NA,5830536
Emory,BIOMEDICAL INFORMATICS,DBMI,NA
Emory,CELL BIOLOGY,CB,8520838
Emory,HUMAN GENETICS,Gn,13177654
Emory,MICROBIOLOGY AND IMMUNOLOGY,Mb;Imm,17054256
Emory,PATHOLOGY AND LAB MEDICINE,NA,26650371
Emory,PHARMACOLOGY AND CHEMICAL BIOLOGY,BCMP,11491420
Minnesota,BIOCHEMISTRY MOLECULAR BIOLOGY AND BIOPHYSICS,BCMP,16604868
Minnesota,GENETICS CELL BIOLOGY AND DEVELOPMENT,Gn;CB,8614307
Minnesota,INTEGRATIVE BIOLOGY AND PHYSIOLOGY,NA,4102422
Minnesota,MICROBIOLOGY AND IMMUNOLOGY,Mb;Imm,6986482
Minnesota,NEUROSCIENCE,Nb,14319605
Minnesota,PHARMACOLOGY,BCMP,5020893
Michigan,BIOMEDICAL ENGINEERING,NA,1279150
Michigan,BIOLOGICAL CHEMISTRY,BCMP,11283668
Michigan,CELL AND DEVELOPMENTAL BIOLOGY,BCMP,10031488
Michigan,COMPUTATIONAL MEDICINE AND BIOINFORMATICS,SB;DBMI,3495422
Michigan,HUMAN GENETICS,Gn,7808347
Michigan,LEARNING HEALTH SCIENCES,NA,1260562
Michigan,MICROBIOLOGY AND IMMUNOLOGY,Mb;Imm,16184854
Michigan,MOLECULAR AND INTEGRATIVE PHYSIOLOGY,BCMP,23424736
Michigan,PHARMACOLOGY,BCMP,9044248
Virginia Commonwealth,ANATOMY AND NEUROBIOLOGY,NA,3756030
Virginia Commonwealth,BIOCHEMISTRY AND MOLECULAR BIOLOGY,BCMP,2733120
Virginia Commonwealth,BIOSTATISTICS,SB,474190
Virginia Commonwealth,HEALTH BEHAVIOR AND POLICY,HCP,745282
Virginia Commonwealth,MICROBIOLOGY AND IMMUNOLOGY,Mb;Imm,5380102
Virginia Commonwealth,PHARMACOLOGY AND TOXICOLOGY,BCMP,11053670
Virginia Commonwealth,PHYSIOLOGY AND BIOPHYSICS,BCMP,3477196
Chicago Med Franklin,BIOCHEMISTRY AND MOLECULAR BIOLOGY,BCMP,1227458
Chicago Med Franklin,CELL BIOLOGY AND ANATOMY,CB,691395
Chicago Med Franklin,CELLULAR AND MOLECULAR PHARMACOLOGY,BCMP,1361250
Chicago Med Franklin,HUMANITIES AND HEALTH CARE,GHSM,NA
Chicago Med Franklin,MICROBIOLOGY AND IMMUNOLOGY,Mb;Imm,1290092
Chicago Med Franklin,NEUROSCIENCE,Nb,1773278
Chicago Med Franklin,PHYSIOLOGY AND BIOPHYSICS,BCMP,948334
Loyola Stritch,BIOCHEMISTRY AND MOLECULAR BIOLOGY,BCMP,NA
Loyola Stritch,CELL AND MOLECULAR PHYSIOLOGY,NA,2419150
Loyola Stritch,INTEGRATIVE CELL BIOLOGY,CB,421293
Loyola Stritch,MICROBIOLOGY AND IMMUNOLOGY,Mb;Imm,4450637
Loyola Stritch,MOLECULAR PHARMACOLOGY AND THERAPEUTICS,BCMP;Nb,339750
Loyola Stritch,PUBLIC HEALTH SCIENCES,GHSM,943393
Loyola Stritch,CANCER BIOLOGY,NA,NA
Penn State,BIOCHEMISTRY AND MOLECULAR BIOLOGY,BCMP,2929860
Penn State,CELLULAR AND MOLECULAR PHYSIOLOGY,BCMP,3717505
Penn State,COMPARATIVE MEDICINE,NA,NA
Penn State,HUMANITIES,GHSM,970869
Penn State,MICROBIOLOGY AND IMMUNOLOGY,Mb;Imm,4508378
Penn State,NEURAL AND BEHAVIORAL SCIENCES,Nb,3345449
Penn State,PHARMACOLOGY,BCMP,2423113
Penn State,PUBLIC HEALTH SCIENCES,NA,3478954
Rochester,BIOCHEMISTRY AND BIOPHYSICS,BCMP,5046275
Rochester,BIOMEDICAL ENGINEERING,NA,3427481
Rochester,BIOMEDICAL GENETICS,Gn,3342220
Rochester,BIOSTATISTICS AND COMPUTATIONAL BIOLOGY,DBMI,1676868
Rochester,CANCER CENTER,NA,615082
Rochester,CARDIOVASCULAR RESEARCH INSTITUTE,BCMP,464364
Rochester,CENTER FOR COMMUNITY HEALTH AND PREVENTION,NA,NA
Rochester,CENTER FOR HEALTH AND TECHNOLOGY,NA,NA
Rochester,CENTER FOR NEUROTHERAPEUTICS DISCOVERY,Nb,1361517
Rochester,CENTER FOR TRANSLATIONAL NEUROMED,Nb,3913516
Rochester,CENTER FOR VACCINE BIOLOGY AND IMMUNOLOGY,Imm,3058507
Rochester,COMPARATIVE MEDICINE,NA,NA
Rochester,ENVIRONMENTAL MEDICINE,NA,6238769
Rochester,MEDICAL HUMANITIES AND BIOETHICS,GHSM,NA
Rochester,MICROBIOLOGY AND IMMUNOLOGY,Mb;Imm,11034309
Rochester,NEUROSCIENCE,Nb,4243970
Rochester,PATHOLOGY AND LAB MEDICINE,NA,1407501
Rochester,PHARMACOLOGY AND PHYSIOLOGY,BCMP,7845097
Rochester,PUBLIC HEALTH SCIENCES,NA,8635909
Nebraska,BIOCHEMISTRY AND MOLEC BIOLOGY,BCMP,10654996
Nebraska,BIOSTATISTICS,DBMI;SB,NA
Nebraska,CELLULAR AND INTEGRATIVE PHYSIOLOGY,NA,2880568
Nebraska,ENVIRONMENTAL AGRICULTURAL AND OCCUPATIONAL HEALTH,NA,NA
Nebraska,EPIDEMIOLOGY,NA,NA
Nebraska,GENETICS CELL BIOLOGY AND ANATOMY,NA,495149
Nebraska,PATHOLOGY AND MICROBIOLOGY,Mb,6607642
Nebraska,PHARMACOLOGY AND EXPERIMENTAL NEUROSCIENCE,BCMP,15544618
Ponce,BIOCHEMISTRY,BCMP,17613
Ponce,MICROBIOLOGY,Mb,NA
Ponce,PHARMACOLOGY,BCMP,1800408
Ponce,PHYSIOLOGY,NA,783892
Saint Louis,BIOCHEMISTRY AND MOLECULAR BIOLOGY,BCMP,3545414
Saint Louis,COMPARATIVE MEDICINE,NA,NA
Saint Louis,CLINICAL TRIALS OFFICE,NA,NA
Saint Louis,MOLECULAR MICROBIOLOGY AND IMMUNOLOGY,Mb;Imm,2038960
Saint Louis,PATHOLOGY,NA,681750
Saint Louis,PHARMACOLOGICAL AND PHYSIOLOGICAL SCIENCE,NA,3534407
Mount Sinai-Icahn,CELL DEVELOPMENTAL AND REGENERATIVE BIOLOGY,CB;SCRB,16219804
Mount Sinai-Icahn,GENETICS AND GENOMIC SCIENCES,Gn,32405003
Mount Sinai-Icahn,MICROBIOLOGY,Mb,24543982
Mount Sinai-Icahn,NEUROSCIENCE,Nb,31248479
Mount Sinai-Icahn,PATHOLOGY,BCMP,1927725
Mount Sinai-Icahn,PHARMACOLOGICAL SCIENCES,BCMP,19620428
Mount Sinai-Icahn,POPULATION HEALTH SCIENCE AND POLICY,GHSM,NA
Colorado,BIOCHEMISTRY AND MOLEC GENETICS,BCMP;Gn,7195030
Colorado,CELL AND DEVELOPMENTAL BIOLOGY,CB,6640354
Colorado,IMMUNOLOGY AND MICROBIOLOGY,Imm;Mb,11731520
Colorado,PATHOLOGY,NA,2713879
Colorado,PHARMACOLOGY,BCMP,14712861
Colorado,PHYSIOLOGY AND BIOPHYSICS,BCMP,4314259
Vanderbilt,BIOCHEMISTRY,BCMP,NA
Vanderbilt,BIOMEDICAL INFORMATICS,DBMI,NA
Vanderbilt,CELL AND DEVELOPMENTAL BIOLOGY,CB,10108282
Vanderbilt,MOLECULAR PHYSIOLOGY AND BIOPHYSICS,BCMP,NA
Vanderbilt,PHARMACOLOGY,BCMP,NA
Cincinnati,PHARMACOLOGY AND SYSTEMS PHYSIOLOGY,BCMP,1032504
Cincinnati,MOLECULAR GENETICS BIOCHEMISTRY AND MICROBIOLOGY,Gn;BCMP;Mb,2769312
Cincinnati,ENVIRONMENTAL AND PUBLIC HEALTH SCIENCES,GHSM,7769125
Cincinnati,PATHOLOGY AND LAB MEDICINE,NA,4340943
Albany,MOLECULAR AND CELLULAR PHYSIOLOGY,NA,1232819
Albany,REGENERATIVE AND CANCER CELL BIOLOGY,CB,1354401
Albany,IMMUNOLOGY AND MICROBIAL DISEASE,Imm;Mb,3941260
Albany,NEUROSCIENCE AND EXPERIMENTAL THERAPEUTICS,Nb,15000
Michigan State,EPIDEMIOLOGY AND BIOSTATISTICS,NA,6731437
Michigan State,BIOCHEMISTRY AND MOLECULAR BIOLOGY,BCMP,547525
Michigan State,MICROBIOLOGY AND MOLECULAR GENETICS,Mb,1852994
Michigan State,NEUROSCIENCE,Nb,NA
Michigan State,MICROBIOLOGY AND MOLECULAR GENETICS,Gn,1852994
Michigan State,PHARMACOLOGY AND TOXICOLOGY,BCMP,1051019
Michigan State,PHYSIOLOGY,NA,866675
UCLA-Geffen,BIOLOGICAL CHEMISTRY,BCMP,7804992
UCLA-Geffen,COMPUTATIONAL MEDICINE,SB,NA
UCLA-Geffen,HUMAN GENETICS,Gn,5467917
UCLA-Geffen,MICROBIOLOGY IMMUN AND MOLEC GENETICS,Mb;Imm;Gn,12835206
UCLA-Geffen,MOLECULAR AND MED PHARMACOLOGY,BCMP,4986278
UCLA-Geffen,NEUROBIOLOGY,Nb,9447408
UCLA-Geffen,PHYSIOLOGY,NA,5616076
Creighton,MEDICAL MICROBIOLOGY AND IMMUNOLOGY,Mb;Imm,1863252
Creighton,MEDICAL HUMANITIES,GHSM,NA
Creighton,PATHOLOGY,NA,NA
Creighton,PHARMACOLOGY,BCMP;Nb,935225
Wisconsin,BIOMOLECULAR CHEMISTRY,BCMP,9585314
Wisconsin,BIOSTATISTICS AND MED INFORMATICS,DBMI,4539638
Wisconsin,CELL AND REGENERATIVE BIOLOGY,SCRB,4610612
Wisconsin,MEDICAL GENETICS,Gn,2361391
Wisconsin,MEDICAL HISTORY AND BIOETHICS,GHSM,NA
Wisconsin,MEDICAL MICROBIOLOGY AND IMMUNOLOGY,Mb;Imm,4408978
Wisconsin,MEDICAL PHYSICS,BCMP,6674414
Wisconsin,NEUROSCIENCE,Nb,10829680
Wisconsin,ONCOLOGY,NA,7267080
Wisconsin,POPULATION HEALTH SCIENCES,NA,2910692
Iowa-Carver,ANATOMY AND CELL BIOLOGY,CB,7299914
Iowa-Carver,BIOCHEMISTRY AND MOLECULAR BIOLOGY,BCMP,4526899
Iowa-Carver,MICROBIOLOGY AND IMMUNOLOGY,Mb;Imm,10118308
Iowa-Carver,MOLECULAR PHYSIOLOGY AND BIOPHYSICS,BCMP,7616363
Iowa-Carver,NEUROSCIENCE AND PHARMACOLOGY,Nb;BCMP,6487064
Iowa-Carver,PATHOLOGY,NA,6762218
Vermont-Larner,BIOCHEMISTRY,BCMP,2730073
Vermont-Larner,MICROBIOLOGY AND MOLECULAR GENETICS,Mb;Gn,3724915
Vermont-Larner,MOLECULAR PHYSIOLOGY AND BIOPHYSICS,BCMP,2846958
Vermont-Larner,PATHOLOGY AND LABORATORY MEDICINE,NA,5109376
Vermont-Larner,PHARMACOLOGY,NA,2302418
West Virginia,BIOCHEMISTRY,BCMP,2793481
West Virginia,HEALTH INFORMATICS AND INFORMATION MANAGEMENT,DBMI,NA
West Virginia,MICROBIOLOGY IMMUNOLOGY AND CELL BIOLOGY,Mb;Imm;CB,703125
West Virginia,NEUROSCIENCE,Nb,NA
West Virginia,PATHOLOGY ANATOMY AND LABORATORY MEDICINE,NA,NA
West Virginia,PHYSIOLOGY PHARMACOLOGY AND NEUROSCIENCE,BCMP,3621677
SUNY Downstate,CELL BIOLOGY,CB,2644556
SUNY Downstate,PATHOLOGY,NA,NA
SUNY Downstate,PHYSIOLOGY AND PHARMACOLOGY,BCMP,2417980
Baylor,BIOCHEMISTRY AND MOLECULAR BIOLOGY,BCMP,5034767
Baylor,EDUCATION INNOVATION AND TECHNOLOGY,NA,NA
Baylor,MOLECULAR PHYSIOLOGY AND BIOPHYSICS,BCMP,9166938
Baylor,MOLECULAR VIROLOGY AND MICROBIOLOGY,Mb,8505908
Baylor,MOLECULAR AND CELLULAR BIOLOGY,CB,13881753
Baylor,MOLECULAR AND HUMAN GENETICS,Gn,71920646
Baylor,NEUROSCIENCE,Nb,13419844
Baylor,PATHOLOGY AND IMMUNOLOGY,Imm,8961601
Baylor,PHARMACOLOGY AND CHEMICAL BIOLOGY,BCMP,2399012
Massachusetts,BIOCHEMISTRY AND MOLECULAR PHARMACOLOGY,BCMP,12509255
Massachusetts,MICROBIOLOGY AND PHYSIOLOGICAL SYSTEMS,Mb,6851894
Massachusetts,MOLECULAR CELL AND CANCER BIOLOGY,CB,15195435
Massachusetts,NEUROBIOLOGY,Nb,5092047
Massachusetts,PATHOLOGY,NA,6756922
Massachusetts,POPULATION AND QUANTITATIVE HEALTH SCIENCES,GHSM,5937861
Virginia,BIOCHEMISTRY AND MOLECULAR GENETICS,BCMP;Gn,7250125
Virginia,BIOMEDICAL ENGINEERING,NA,2595284
Virginia,CELL BIOLOGY,NA,2947189
Virginia,MICROBIOLOGY IMMUN AND CANCER BIOLOGY,Mb;Imm,10895514
Virginia,MOLECULAR PHYSIOLOGY AND BIOLOGICAL PHYSICS,BCMP,9638234
Virginia,NEUROSCIENCE,Nb,8446433
Virginia,PHARMACOLOGY,Nb,6571438
Virginia,PUBLIC HEALTH SCIENCES,NA,6398630
North Carolina,BIOCHEMISTRY AND BIOPHYSICS,BCMP,19289805
North Carolina,BIOMEDICAL ENGINEERING,NA,4350626
North Carolina,CELL BIOLOGY AND PHYSIOLOGY,CB,12218009
North Carolina,GENETICS,Gn,30039063
North Carolina,MICROBIOLOGY AND IMMUNOLOGY,Mb;Imm,21607680
North Carolina,NUTRITION,NA,NA
North Carolina,PHARMACOLOGY,BCMP,19729691
North Carolina,SOCIAL MEDICINE,GHSM,1719387
Kentucky,BEHAVIORAL SCIENCE,NA,3076607
Kentucky,MICROBIOLOGY IMMUNOLOGY AND MOLECULAR GENETICS,Mb;Imm;Gn,2385056
Kentucky,MOLECULAR AND CELLULAR BIOCHEMISTRY,BCMP,10493391
Kentucky,NEUROSCIENCE,Nb,3360688
Kentucky,PHARMACOLOGY AND NUTRITIONAL SCIENCES,BCMP,11592847
Kentucky,PHYSIOLOGY,NA,16143057
Kentucky,TOXICOLOGY AND CANCER BIOLOGY,NA,7264167
Toledo,CANCER BIOLOGY,NA,76750
Toledo,MEDICAL MICROBIOLOGY AND IMMUNOLOGY,Mb;Imm,976214
Toledo,NEUROSCIENCES,Nb,2836600
Toledo,PATHOLOGY,NA,NA
Toledo,PHYSIOLOGY AND PHARMACOLOGY,BCMP,NA
UC San Diego,CELLULAR AND MOLECULAR MEDICINE,CB,21869465
UC San Diego,NEUROSCIENCES,Nb,27545146
UC San Diego,PATHOLOGY,NA,12625197
UC San Diego,PHARMACOLOGY,BCMP,21688788
Maryland,ANATOMY AND NEUROBIOLOGY,Nb,7051872
Maryland,BIOCHEMISTRY AND MOLECULAR BIOLOGY,BCMP,6557270
Maryland,MICROBIOLOGY AND IMMUNOLOGY,Mb;Imm,9417092
Maryland,PHARMACOLOGY,BCMP,4474756
Maryland,PHYSIOLOGY,NA,8194740
Buffalo-Jacobs,BIOCHEMISTRY,BCMP,3264879
Buffalo-Jacobs,BIOMEDICAL ENGINEERING,NA,NA
Buffalo-Jacobs,BIOMEDICAL INFORMATICS,DBMI,707523
Buffalo-Jacobs,MICROBIOLOGY AND IMMUNOLOGY,Mb;Imm,9870776
Buffalo-Jacobs,PATHOLOGY AND ANATOMICAL SCIENCES,NA,297485
Buffalo-Jacobs,PHARMACOLOGY AND TOXICOLOGY,BCMP,1635561
Buffalo-Jacobs,PHYSIOLOGY AND BIOPHYSICS,BCMP,3005334
Buffalo-Jacobs,STRUCTURAL BIOLOGY,NA,315013
Oregon,BEHAVIORAL NEUROSCIENCE,Nb,14322949
Oregon,BIOMEDICAL ENGINEERING,NA,9301093
Oregon,CELL DEVELOPMENTAL AND CANCER BIOLOGY,CB,3530614
Oregon,CHEMICAL PHYSIOLOGY AND BIOCHEMISTRY,BCMP,NA
Oregon,BIOCHEMISTRY AND MOLECULAR BIOLOGY,BCMP,2259950
Oregon,PHYSIOLOGY AND PHARMACOLOGY,BCMP,7907961
Oregon,MEDICAL INFORMATICS AND CLINICAL EPIDEMIOLOGY,DBMI,2061491
Oregon,COMPUTATIONAL BIOLOGY,SB,966623
Oregon,MOLECULAR AND MEDICAL GENETICS,Gn,5105585
Oregon,MOLECULAR MICROBIOLOGY AND IMMUNOLOGY,Mb;Imm,7325866
Rush,ANATOMY AND CELL BIOLOGY,CB,1008896
Rush,MICROBIAL PATHOGENS AND IMMUNITY,Mb;Imm,44524
Rush,PATHOLOGY,NA,NA
Rush,PHYSIOLOGY AND BIOPHYSICS,BCMP,3758485
Rush,PREVENTIVE MEDICINE,GHSM,1287243
Louisville,ANATOMICAL SCIENCES AND NEUROBIOLOGY,Nb,8349743
Louisville,BIOCHEMISTRY AND MOLECULAR GENETICS,BCMP;Gn,1553764
Louisville,MICROBIOLOGY AND IMMUNOLOGY,Mb;Imm,5333261
Louisville,PHARMACOLOGY AND TOXICOLOGY,BCMP,4534616
Louisville,PHYSIOLOGY,NA,3273307
Loma Linda,BASIC SCIENCES,BCMP,6017097
Loma Linda,PATHOLOGY AND HUMAN ANATOMY,NA,360547
SUNY Upstate,BIOCHEMISTRY AND MOLECULAR BIOLOGY,BCMP,3331740
SUNY Upstate,CELL AND DEVELOPMENTAL BIOLOGY,CB,1200306
SUNY Upstate,MICROBIOLOGY AND IMMUNOLOGY,Mb;Imm,1351647
SUNY Upstate,NEUROSCIENCE AND PHYSIOLOGY,Nb,1494877
SUNY Upstate,PHARMACOLOGY,BCMP,1101600
Rutgers New Jersey,CELL BIOLOGY AND MOLECULAR MEDICINE,CB;BCMP,NA
Rutgers New Jersey,MICROBIOLOGY BIOCHEM AND MOLECULAR GENETICS,Mb;BCMP;Gn,NA
Rutgers New Jersey,PHARMACOLOGY PHYSIOLOGY AND NEUROSCIENCE,Nb;BCMP,NA
Rutgers New Jersey,PATHOLOGY IMMUNOLOGY AND LABORATORY MEDICINE,Imm,NA
Utah,BIOCHEMISTRY,BCMP,11412418
Utah,BIOMEDICAL INFORMATICS,DBMI,1945817
Utah,HUMAN GENETICS,Gn,9633360
Utah,NEUROBIOLOGY AND ANATOMY,Nb,6046883
Utah,ONCOLOGICAL SCIENCES,NA,4912810
Utah,PATHOLOGY,NA,9493030
Utah,POPULATION HEALTH SCIENCES,GHSM,3921998
Tennessee,ANATOMY AND NEUROBIOLOGY,Nb,3472960
Tennessee,GENETICS GENOMICS AND INFORMATICS,Gn;DBMI,1587107
Tennessee,MICROBIOLOGY IMMUNOLOGY AND BIOCHEMISTRY,Mb;Imm;BCMP,228000
Tennessee,PATHOLOGY,NA,NA
Tennessee,PHARMACOLOGY,BCMP,4797278
Tennessee,PHYSIOLOGY,NA,6574192
Tennessee,PREVENTIVE MEDICINE,NA,2957344
UT San Antonio-Long,BIOCHEMISTRY AND STRUCTURAL BIOLOGY,BCMP,2390142
UT San Antonio-Long,CELLULAR AND INTEGRATIVE PHYSIOLOGY,NA,4343984
UT San Antonio-Long,CELL SYSTEMS AND ANATOMY,NA,4240923
UT San Antonio-Long,EPIDEMIOLOGY AND BIOSTATISTICS,DBMI,789618
UT San Antonio-Long,MICROBIOLOGY IMMUNOLOGY AND MOLEC GENETICS,Mb;Imm;Gn,6200878
UT San Antonio-Long,MOLECULAR MEDICINE,NA,9113838
UT San Antonio-Long,PHARMACOLOGY,NA,8079908
UT San Antonio-Long,POPULATION HEALTH SERVICES,GHSM,NA
MU South Carolina,BIOCHEMISTRY AND MOLECULAR BIOLOGY,BCMP,7153942
MU South Carolina,COMPARATIVE MEDICINE,NA,NA
MU South Carolina,MICROBIOLOGY AND IMMUNOLOGY,Mb;Imm,9591317
MU South Carolina,NEUROSCIENCE,Nb,15530101
MU South Carolina,PATHOLOGY AND LAB MEDICINE,NA,1702790
MU South Carolina,PHARMACOLOGY,NA,NA
MU South Carolina,PUBLIC HEALTH SCIENCES,NA,7697493
MU South Carolina,REGENERATIVE MEDICINE AND CELL BIOLOLGY,CB,879050
Rutgers New Jersey,BIOCHEMISTRY AND MOLECULAR BIOLOGY,BCMP,NA
Rutgers New Jersey,NEUROSCIENCE AND CELL BIOLOGY,Nb;CB,NA
Rutgers New Jersey,PATHOLOGY AND LABORATORY MEDICINE,NA,NA
Rutgers New Jersey,PHARMACOLOGY,NA,NA
MC Georgia Augusta,BIOCHEMISTRY AND MOLECULAR BIOLOGY,BCMP,3237334
MC Georgia Augusta,CELLULAR BIOLOGY AND ANATOMY,CB,3234746
MC Georgia Augusta,NEUROSCIENCE AND REGENERATIVE MEDICINE,Nb,4387437
MC Georgia Augusta,PATHOLOGY,NA,1432402
MC Georgia Augusta,PHARMACOLOGY AND TOXICOLOGY,NA,5534218
MC Georgia Augusta,PHYSIOLOGY,NA,5515821
MC Georgia Augusta,POPULATION HEALTH SCIENCES,SB,76000
Northeast Ohio,ANATOMY AND NEUROBIOLOGY,Nb,2932965
Northeast Ohio,PATHOLOGY,NA,NA
UT Medical Branch,BIOCHEMISTRY AND MOLECULAR BIOLOGY,BCMP,4529604
UT Medical Branch,BIOSTATISTICS,NA,NA
UT Medical Branch,HEALTH POLICY AND LEGISLATIVE AFFAIRS,HCP,NA
UT Medical Branch,INSTITUTE FOR TRANSLATIONAL SCIENCES,NA,NA
UT Medical Branch,MICROBIOLOGY AND IMMUNOLOGY,Mb;Imm,26192248
UT Medical Branch,NEUROSCIENCE CELL BIOLOGY AND ANATOMY,CB,NA
UT Medical Branch,PATHOLOGY,NA,8723807
UT Medical Branch,PHARMACOLOGY AND TOXICOLOGY,NA,5884236
UT Medical Branch,PREVENTIVE MEDICINE AND COMMUNITY HEALTH,GHSM,3499145
Alabama,BIOCHEMISTRY AND MOLEC GENETICS,BCMP;Gn,3576080
Alabama,BIOMEDICAL ENGINEERING,NA,5285777
Alabama,CELL DEVELOPMENTAL AND INTEGRATIVE BIOLOGY,CB,13908595
Alabama,GENETICS,Gn,14680250
Alabama,MICROBIOLOGY,Mb,9747471
Alabama,NEUROBIOLOGY,Nb,6305039
Alabama,PATHOLOGY,NA,14909839
Alabama,PHARMACOLOGY AND TOXICOLOGY,NA,1291353
Oakland Beaumont,FOUNDATIONAL MEDICAL STUDIES,NA,NA
Renaissance Stony Brook,ANATOMICAL SCIENCES,NA,NA
Renaissance Stony Brook,BIOCHEMISTRY AND CELL BIOLOGY,BCMP;CB,NA
Renaissance Stony Brook,BIOMEDICAL ENGINEERING,NA,NA
Renaissance Stony Brook,BIOMEDICAL INFORMATICS,DBMI,NA
Renaissance Stony Brook,FAMILY POPULATION AND PREVENTIVE MEDICINE,GHSM,NA
Renaissance Stony Brook,MICROBIOLOGY AND IMMUNOLOGY,Mb;Imm,NA
Renaissance Stony Brook,NEUROBIOLOGY AND BEHAVIOR,Nb,NA
Renaissance Stony Brook,PATHOLOGY,NA,NA
Renaissance Stony Brook,PHYSIOLOGY AND BIOPHYSICS,BCMP,NA
Florida,AGING AND GERIATRIC RESEARCH,NA,9945473
Florida,ANATOMY AND CELL BIOLOGY,CB,1574499
Florida,BIOCHEMISTRY AND MOLECULAR BIOLOGY,BCMP,2681391
Florida,BIOSTATISTICS,SB,7738106
Florida,EPIDEMIOLOGY,NA,NA
Florida,HEALTH OUTCOMES AND BIOMEDICAL INFORMATICS,DBMI,NA
Florida,MOLECULAR GENETICS AND MICROBIOL,Gn;Mb,7397861
Florida,PATHOLOGY IMMUNOL AND LAB MEDICINE,Imm,8057121
Florida,PHARMACOLOGY AND THERAPEUTICS,BCMP,5185574
Florida,PHYSIOLOGY AND FUNCTIONAL GENOMICS,Gn,2674190
Oklahoma,BIOCHEMISTRY AND MOLECULAR BIOL,BCMP,830153
Oklahoma,CELL BIOLOGY,CB,3708380
Oklahoma,MICROBIOLOGY AND IMMUNOLOGY,Mb;Imm,6602896
Oklahoma,PHYSIOLOGY,NA,4347121
Geisinger Commonwealth,POPULATION HEALTH SCIENCES,NA,NA
Geisigner Commonwealth,TRANSLATIONAL DATA SCIENCE AND INFORMATICS,DBMI,NA
Geisinger Commonwealth,MOLECULAR AND FUNCTIONAL GENOMICS,Gn,NA
FIU-Wertheim,CELLULAR BIOLOGY AND PHARMACOLOGY,BCMP,803601
FIU-Wertheim,HUMAN AND MOLECULAR GENETICS,Gn,749805
FIU-Wertheim,IMMUNOLOGY AND NANO-MEDICINE,Imm,NA
Missouri Kansas City,BIOMEDICAL AND HEALTH INFORMATICS,DBMI,40895
Missouri Kansas City,MEDICAL HUMANITIES AND BIOETHICS,GHSM,NA
Meharry,BIOCHEMISTRY AND CANCER BIOLOGY,BCMP;Nb,5864961
Meharry,MICROBIOLOGY AND IMMUNOLOGY,Mb;Imm,878544
Meharry,PROFESSIONAL AND MEDICAL EDUCATION,NA,NA
Arkansas,BIOCHEMISTRY AND MOLECULAR BIOLOGY,BCMP,2769129
Arkansas,BIOMEDICAL INFORMATICS,DBMI,3033387
Arkansas,BIOSTATISTICS,SB,NA
Arkansas,MICROBIOLOGY AND IMMUNOLOGY,Mb;Imm,5891088
Arkansas,NEUROBIOLOGY AND DEVELOPMENTAL SCIS,Nb,4124018
Arkansas,PHARMACOLOGY AND TOXICOLOGY,BCMP,1282591
Arkansas,PHYSIOLOGY AND CELL BIOLOGY,CB,5066569
South Carolina Columbia,CELL BIOLOGY AND ANATOMY,CB,1508799
South Carolina Columbia,PATHOLOGY MICROBIOLOGY AND IMMUNOLOGY,Mb;Imm,8365955
South Carolina Columbia,PHARMACOLOGY PHYSIOLOGY AND NEUROSCIENCE,Nb;BCMP,2209460
UC Davis,BIOCHEMISTRY AND MOLECULAR MEDICINE,BCMP,11114600
UC Davis,CELL BIOLOGY AND HUMAN ANATOMY,CB,12143663
UC Davis,MEDICAL MICROBIOLOGY AND IMMUNOLOGY,Mb;Imm,NA
UC Davis,PHARMACOLOGY,BCMP,9864022
UC Davis,PHYSIOLOGY AND MEMBRANE BIOLOGY,NA,5361676
UC Davis,PUBLIC HEALTH SCIENCES,NA,14957256
LSU New Orleans,BIOCHEMISTRY AND MOLECULAR BIOLOGY,BCMP,NA
LSU New Orleans,CELL BIOLOGY AND ANATOMY,CB,933853
LSU New Orleans,GENETICS,Gn,1758998
LSU New Orleans,MICROBIOLOGY IMMUN AND PARASITOLOGY,Mb;Imm,644291
LSU New Orleans,PHARMACOLOGY AND EXPERIMENTAL THERAPEUTICS,BCMP,2428504
LSU New Orleans,PHYSIOLOGY,NA,5299954
Missouri Columbia,BIOCHEMISTRY,BCMP,5271105
Missouri Columbia,MOLECULAR MICROBIOLOGY AND IMMUNOLOGY,Mb;Imm,3851709
Missouri Columbia,PATHOLOGY AND ANATOMICAL SCIENCES,NA,477875
Missouri Columbia,HEALTH MANAGEMENT AND INFORMATICS,GHSM;DBMI,NA
Missouri Columbia,MEDICAL PHARMACOLOGY AND PHYSIOLOGY,BCMP,3681578
Mayo-Alix,ARTIFICIAL INTELLIGENCE AND INFORMATICS,DBMI,NA
Mayo-Alix,BIOCHEMISTRY AND MOLECULAR BIOLOGY,BCMP,NA
Mayo-Alix,BIOMEDICAL STATISTICS AND INFORMATICS,SB;DBMI,NA
Mayo-Alix,CANCER BIOLOGY,NA,NA
Mayo-Alix,EXPERIMENTAL PATHOLOGY AND LABORATORY MEDICINE,NA,NA
Mayo-Alix,HEALTH CARE POLICY AND RESEARCH,HCP,NA
Mayo-Alix,IMMUNOLOGY,Imm,NA
Mayo-Alix,MOLECULAR MEDICINE,NA,NA
Mayo-Alix,MOLECULAR PHARMACOLOGY AND EXPERIMENTAL THERAPEUTICS,BCMP,NA
Mayo-Alix,NEUROSCIENCE,Nb,NA
Mayo-Alix,PHYSIOLOGY AND BIOMEDICAL ENGINEERING,NA,NA
Mayo-Alix,QUANTITATIVE HEALTH SCIENCES,SB,NA
Florida State,BEHAVIORAL SCIENCES AND SOCIAL MEDICINE,GHSM,5850384
Florida State,BIOMEDICAL SCIENCES,NA,6380153
Florida State,NEUROSCIENCE,Nb,NA
Florida State,MOLECULAR BIOPHYSICS,BCMP,NA
Howard,ANATOMY,NA,190616
Howard,BIOCHEM AND MOLECULAR BIOLOGY,BCMP,1946502
Howard,MICROBIOLOGY,Mb,377500
Howard,PATHOLOGY,NA,NA
Howard,PHARMACOLOGY,BCMP,NA
Howard,PHYSIOLOGY AND BIOPHYSICS,BCMP,36594
LSU Shreveport,BIOCHEMISTRY AND MOLECULAR BIOLOGY,BCMP,839188
LSU Shreveport,CELLULAR BIOLOGY AND ANATOMY,CB,1670014
LSU Shreveport,MICROBIOLOGY AND IMMUNOLOGY,Mb;Imm,3179880
LSU Shreveport,MOLECULAR AND CELLULAR PHYSIOLOGY,NA,725000
LSU Shreveport,PHARMACOLOGY TOXICOLOGY AND NEUROSCIENCE,NA,438000
UC Irvine,ANATOMY AND NEUROBIOLOGY,Nb,6260741
UC Irvine,BIOLOGICAL CHEMISTRY,BCMP,4368099
UC Irvine,EPIDEMIOLOGY,NA,981827
UC Irvine,MICROBIOLOGY AND MOLECULAR GENETICS,Mb;Gn,4640676
UC Irvine,PHARMACOLOGY,BCMP,1151862
UC Irvine,PHYSIOLOGY AND BIOPHYSICS,BCMP,8751114
California Northstate,BASIC SCIENCE,NA,NA
Zucker Hofstra Northwell,MOLECULAR MEDICINE,BCMP,NA
Zucker Hofstra Northwell,OCCUPATIONAL MEDICINE EPIDEMIOLOGY AND PREVENTION,GHSM,NA
Zucker Hofstra Northwell,PATHOLOGY AND LABORATORY MEDICINE,NA,NA
Wright State-Boonshoft,BIOCHEMISTRY AND MOLEC BIOLOGY,BCMP,1146550
Wright State-Boonshoft,NEUROSCIENCE CELL BIOL AND PHYSIOLOGY,Nb;CB,1449805
Wright State-Boonshoft,PATHOLOGY,NA,NA
Wright State-Boonshoft,PHARMACOLOGY AND TOXICOLOGY,NA,1305819
Wright State-Boonshoft,POPULATION AND PUBLIC HEALTH SCIENCES,NA,766158
Morehouse,COMMUNITY HEALTH AND PREVENTIVE MEDICINE,NA,1451321
Morehouse,MICROBIOLOGY BIOCHEM AND IMMUNOLOGY,Mb;Imm;BCMP,5790901
Morehouse,NEUROBIOLOGY,Nb,1173725
Morehouse,PATHOLOGY AND ANATOMY,NA,1344250
Morehouse,PHARMACOLOGY AND TOXICOLOGY,NA,882700
Morehouse,PHYSIOLOGY,NA,677340
Arizona,CELLULAR AND MOLECULAR MEDICINE,CB,4937170
Arizona,CHEMISTRY AND BIOCHEMISTRY,BCMP,3402112
Arizona,IMMUNOBIOLOGY,Imm,7194695
Arizona,PHARMACOLOGY,BCMP,5876618
Arizona,PHYSIOLOGY,NA,6111960
UT Houston-McGovern,BIOCHEMISTRY AND MOLECULAR BIOLOGY,BCMP,6126921
UT Houston-McGovern,INTEGRATIVE BIOLOGY AND PHARMACOLOGY,BCMP,7896530
UT Houston-McGovern,MICROBIOLOGY AND MOLEC GENETICS,Mb;Gn,6128159
UT Houston-McGovern,NEUROBIOLOGY AND ANATOMY,Nb,5702940
UT Houston-McGovern,PATHOLOGY AND LABORATORY MEDICINE,NA,1876449
South Carolina Greenville,BIOMEDICAL SCIENCES,CB,NA
Mississippi,CELL AND MOLECULAR BIOLOGY,CB;BCMP,193750
Mississippi,MICROBIOLOGY AND IMMUNOLOGY,Mb;Imm,NA
Mississippi,NEUROBIOLOGY AND ANATOMICAL SCIENCES,Nb,1151180
Mississippi,PATHOLOGY,NA,494319
Mississippi,PHARMACOLOGY AND TOXICOLOGY,NA,3106402
Mississippi,PHYSIOLOGY AND BIOPHYSICS,BCMP,16388565
Mississippi,PREVENTIVE MEDICINE,NA,NA
Connecticut,CELL BIOLOGY,CB,3072497
Connecticut,GENETICS AND GENOME SCIENCES,Gn,7858478
Connecticut,IMMUNOLOGY,Imm,2640941
Connecticut,MOLECULAR BIOLOGY AND BIOPHYSICS,BCMP,3757000
Connecticut,NEUROSCIENCE,Nb,6928536
Connecticut,PATHOLOGY AND LABORATORY MEDICINE,NA,NA
Connecticut,PUBLIC HEALTH SCIENCES,NA,NA
UCF,SCHOOL OF BIOMEDICAL SCIENCES,NA,6810809
UCF,POPULATION HEALTH SCIENCES,GHSM,NA
Cooper Rowan,BIOMEDICAL SCIENCES,NA,NA
UT Southwestern,BIOCHEMISTRY,BCMP,7945896
UT Southwestern,BIOPHYSICS,BCMP,6776430
UT Southwestern,CELL BIOLOGY,CB,5302008
UT Southwestern,IMMUNOLOGY,Imm,3291036
UT Southwestern,BIOINFORMATICS,DBMI,NA
UT Southwestern,MICROBIOLOGY,Mb,6373246
UT Southwestern,MOLECULAR BIOLOGY,BCMP,9219615
UT Southwestern,MOLECULAR GENETICS,Gn,6312880
UT Southwestern,NEUROSCIENCE,Nb,11769041
UT Southwestern,PHARMACOLOGY,BCMP,4880598
UT Southwestern,PHYSIOLOGY,NA,3384936
UT Southwestern,POPULATION AND DATA SCIENCES,NA,NA
Western Michigan-Stryker,BIOMEDICAL INFORMATICS,DBMI,NA
Western Michigan-Stryker,BIOMEDICAL SCIENCES,NA,NA
Western Michigan-Stryker,MEDICAL ETHICS HUMANITIES AND LAW,NA,NA
Western Michigan-Stryker,PATHOLOGY,NA,NA
New Mexico,BIOCHEMISTRY AND MOLECULAR BIOLOGY,BCMP,499757
New Mexico,CELL BIOLOGY AND PHYSIOLOGY,CB,1494823
New Mexico,MOLECULAR GENETICS AND MICROBIOLOGY,Gn;Mb,4927802
New Mexico,NEUROSCIENCES,Nb,6417370
New Mexico,PATHOLOGY,NA,14803750
Hawaii-Burns,ANATOMY BIOCHEM AND PHYSIOLOGY,BCMP,3293420
Hawaii-Burns,CELL AND MOLECULAR BIOLOGY,CB,3231373
Hawaii-Burns,NATIVE HAWAIIAN HEALTH,GHSM,1327115
Hawaii-Burns,QUANTITATIVE HEALTH SCIENCES,DBMI;SB,NA
Hawaii-Burns,PATHOLOGY,NA,NA
Texas Tech,CELL BIOLOGY AND BIOCHEMISTRY,CB;BCMP,776299
Texas Tech,CELLULAR PHYSIOLOGY AND MOLEC BIOPHYSICS,BCMP,1544046
Texas Tech,IMMUNOLOGY AND MOLECULAR MICROBIOLOGY,Imm;Mb,NA
Texas Tech,MEDICAL EDUCATION,NA,NA
Texas Tech,PHARMACOLOGY AND NEUROSCIENCE,BCMP;Nb,1503528
Texas A & M,HUMANITIES IN MEDICINE,GHSM,NA
Texas A & M,MEDICAL EDUCATION,NA,NA
Texas A & M,MEDICAL PHYSIOLOGY,NA,627944
Texas A & M,MICROBIAL PATHOGENESIS AND IMMUNOLOGY,NA,NA
Texas A & M,MOLECULAR AND CELLULAR MEDICINE,BCMP;CB,2985700
Texas A & M,NEUROSCIENCE AND EXPERIMENTAL THERAPEUTICS,Nb,1939022
Texas A & M,TRANSLATIONAL MEDICAL SCIENCES,NA,NA
Southern Illinois,ANATOMY,NA,442500
Southern Illinois,BIOCHEMISTRY AND MOLECULAR BIOLOGY,BCMP,691500
Southern Illinois,PHYSIOLOGY,NA,801475
Southern Illinois,MEDICAL EDUCATION,NA,NA
Southern Illinois,INFORMATION AND COMMUNICATION SCIENCES,DBMI,NA
Southern Illinois,MEDICAL HUMANITIES,GHSM,NA
Southern Illinois,MEDICAL MICROBIOLOGY IMMUNOLOGY AND CELL BIOLOGY,Mb;Imm;CB,337406
Southern Illinois,PHARMACOLOGY,BCMP,1237861
Southern Illinois,POPULATION SCIENCES AND POLICY,HCP,NA
Arizona,BASIC MEDICAL SCIENCES,NA,1953320
Arizona,BIOETHICS AND MEDICAL HUMANISM,GHSM,NA
Arizona,BIOMEDICAL INFORMATICS,DBMI,NA
Arizona,PATHOLOGY,NA,540887
Arizona,TRANSLATIONAL NEUROSCIENCES,Nb,NA
Caribe,ANATOMY AND CELL BIOLOGY,CB,NA
Caribe,BIOCHEMISTRY,BCMP,330781
Caribe,MICROBIOLOGY AND IMMUNOLOGY,Mb;Imm,NA
Caribe,NEUROSCIENCE,Nb,238694
Caribe,PHARMACOLOGY,BCMP,NA
Caribe,PHYSIOLOGY,NA,138174
South Dakota-Sanford,BASIC BIOMEDICAL SCIENCES,NA,6448475
South Dakota-Sanford,NEUORSCIENCES,Nb,NA
East Tennessee-Quillen,BIOMEDICAL SCIENCES,NA,4318035
South Alabama,BIOCHEMISTRY AND MOLECULAR BIOLOGY,BCMP,1154661
South Alabama,COMPARATIVE MEDICINE,NA,NA
South Alabama,MICROBIOLOGY AND IMMUNOLOGY,Mb;Imm,NA
South Alabama,PHARMACOLOGY,BCMP,3194262
South Alabama,PHYSIOLOGY AND CELL BIOLOGY,CB,1214521
Nevada Reno,MICROBIOLOGY AND IMMUNOLOGY,Mb;Imm,606596
Nevada Reno,PATHOLOGY,NA,NA
Nevada Reno,PHARMACOLOGY,BCMP,7672928
Nevada Reno,PHYSIOLOGY AND CELL BIOLOGY,CB,7175623
Marshall-Edwards,BIOMEDICAL SCIENCES,NA,914472
Marshall-Edwards,CLINICAL AND TRANSITIONAL SCIENCES,NA,NA
CUNY,MOLECULAR CELLULAR AND BIOMEDICAL SCIENCES,CB,NA
Florida Atlantic-Schmidt,BIOMEDICAL SCIENCE,NA,2594245
Virginia Tech Carilion,BASIC SCIENCE EDUCATION,NA,NA
Puerto Rico,ANATOMY AND NEUROBIOLOGY,Nb,967000
Puerto Rico,BIOCHEMISTRY,BCMP,1543059
Puerto Rico,MICROBIOLOGY,Mb,487500
Puerto Rico,PHARMACOLOGY AND TOXICOLOGY,BCMP,NA
Puerto Rico,PHYSIOLOGY,NA,375000
Texas Tech-Foster,MOLECULAR AND TRANSITIONAL MEDICINE,BCMP,NA
East Carolina-Brody,ANATOMY AND CELL BIOLOGY,CB,433283
East Carolina-Brody,BIOCHEMISTRY AND MOLECULAR BIOLOGY,BCMP,438010
East Carolina-Brody,BIOETHICS AND INTERDISCIPLINARY STUDIES,GHSM,NA
East Carolina-Brody,COMPARATIVE MEDICINE,NA,NA
East Carolina-Brody,MICROBIOLOGY AND IMMUNOLOGY,Mb;Imm,1216648
East Carolina-Brody,PHARMACOLOGY AND TOXICOLOGY,BCMP,1026256
East Carolina-Brody,PHYSIOLOGY,NA,1130512
East Carolina-Brody,PUBLIC HEALTH,NA,139760
San Juan Bautista,ANATOMY,NA,NA
San Juan Bautista,BIOCHEMISTRY/PHARMACOLOGY,NA,NA
San Juan Bautista,MICROBIOLOGY,NA,NA
San Juan Bautista,PHYSIOLOGY/PATHOLOGY,NA,NA
UC Riverside,BIOMEDICAL SCIENCES,NA,4851498
UC Riverside,SOCIAL MEDICINE POPULATION AND PUBLIC HEALTH,GHSM,453576
Washington State-Floyd,TRANSLATIONAL MEDICINE AND PHYSIOLOGY,NA,NA
Hackensack Meridian,MEDICAL SCIENCES,NA,NA
UT Rio Grande Valley,HUMAN GENETICS,Gn,NA
UT Rio Grande Valley,IMMUNOLOGY AND MICROBIOLOGY,Imm;Mb,NA
UT Rio Grande Valley,MOLECULAR SCIENCE,BCMP,NA
UT Rio Grande Valley,NEUROSCIENCE,Nb,NA
UT Rio Grande Valley,PHARMACOLOGY,BCMP,NA
UT Rio Grande Valley,POPULATION HEALTH AND BIOSTATISTICS,GHSM;HCP,NA
UT Austin-Dell,HEALTH SOCIAL WORK,NA,NA
UT Austin-Dell,POPULATION HEALTH,GHSM;HCP,85420
NYU Long Island,FOUNDATIONS OF MEDICINE,NA,NA
Kaiser Permanente-Tyson,BIOMEDICAL SCIENCE,NA,NA
Uniformed Services-Hebert,ANATOMY PHYSIOLOGY AND GENETICS,Gn,NA
Uniformed Services-Hebert,BIOCHEMISTRY,BCMP,NA
Uniformed Services-Hebert,MICROBIOLOGY AND IMMUNOLOGY,Mb;Imm,NA
Uniformed Services-Hebert,PATHOLOGY,NA,NA
Uniformed Services-Hebert,PHARMACOLOGY AND MOLECULAR THERAPEUTICS,BCMP,NA
Uniformed Services-Hebert,PREVENTIVE MEDICINE AND BIOSTATISTICS,GHSM;HCP;SB,NA
Kansas,ANATOMY AND CELL BIOLOGY,CB,8002838
Kansas,BIOCHEMISTRY AND MOLECULAR BIOLOGY,BCMP,2534226
Kansas,BIOSTATISTICS AND DATA SCIENCE,DBMI,NA
Kansas,CANCER BIOLOGY,NA,384002
Kansas,HISTORY AND PHILOSOPHY OF MEDICINE,GHSM,NA
Kansas,MICROBIOLOGY MOLECULAR GENETICS AND IMMUNOLOGY,Mb;Gn;Imm,1715188
Kansas,MOLECULAR AND INTEGRATIVE PHYSIOLOGY,NA,2786269
Kansas,PATHOLOGY AND LABORATORY MEDICINE,NA,7556749
Kansas,PHARMACOLOGY TOXICOLOGY AND THERAPEUTICS,NA,3775179
Kansas,POPULATION HEALTH,NA,3375663
North Dakota,BIOMEDICAL SCIENCES,NA,1741125
North Dakota,PATHOLOGY,NA,3377392
North Dakota,PHARMACOLOGY PHYSIOLOGY AND THERAPEUTICS,BCMP,597700
Mercer,BIOMEDICAL SCIENCES,NA,450630
TCU UNTHSC,INSTITUTE FOR CANCER RESEARCH,NA,212760
