school,department_name,harvard_equivalent,nih_2020
Harvard,BIOLOGICAL CHEMISTRY AND MOLECULAR PHARMACOLOGY,BCMP,12969461
Harvard,BIOMEDICAL INFORMATICS,DBMI,9119329
Harvard,CELL BIOLOGY,CB,12414616
Harvard,GENETICS,Gn,18844159
Harvard,GLOBAL HEALTH AND SOCIAL MEDICINE,GHSM,4882270
Harvard,HEALTH CARE POLICY,HCP,7203215
Harvard,IMMUNOLOGY,Imm,630478
Harvard,MICROBIOLOGY,Mb,19834303
Harvard,NEUROBIOLOGY,Nb,36487805
Harvard,STEM CELL AND REGENERATIVE BIOLOGY,SCRB,83803
Harvard,SYSTEMS BIOLOGY,SB,9487140
Southern Cal-Keck,BIOCHEMISTRY AND MOLECULAR MEDICINE,BCMP,3536721
Southern Cal-Keck,INTEGRATIVE ANATOMICAL SCIENCE,NA,NA
Southern Cal-Keck,MEDICAL EDUCATION,NA,NA
Southern Cal-Keck,MOLECULAR MICROBIOLOGY AND IMMUNOLOGY,CB;Mb;Im,16069265
Southern Cal-Keck,PHYSIOLOGY AND NEUROSCIENCE,Nb,16604163
Southern Cal-Keck,POPULATION AND PUBLIC HEALTH SCIENCES,GHSM,NA
Southern Cal-Keck,STEM CELL BIOLOGY AND REGENERATIVE MEDICINE,SCRB,NA
Southern Cal-Keck,TRANSLATIONAL GENOMICS,Gn,NA
Boston,ANATOMY AND NEUROBIOLOGY,Nb,5371714
Boston,BIOCHEMISTRY,CB;Nb;BCMP;Gn,10050695
Boston,MEDICAL SCIENCES AND EDUCATION,NA,NA
Boston,MICROBIOLOGY,Mb;Imm,16999462
Boston,PATHOLOGY AND LABORATORY MEDICINE,SCRB;CB,735716
Boston,PHARMACOLOGY AND EXPERIMENTAL THERAPEUTICS,BCM,10273306
Boston,PHYSIOLOGY AND BIOPHYSICS,CB,3482892
Case Western Reserve,ANATOMY,NA,NA
Case Western Reserve,BIOCHEMISTRY,BCMP;CB,4347786
Case Western Reserve,BIOMEDICAL ENGINEERING,NA,4154526
Case Western Reserve,GENETICS AND GENOME SCIENCES,Gn,11507222
Case Western Reserve,MOLECULAR BIOL AND MICROBIOLOGY,Mb,2615833
Case Western Reserve,MOLECULAR MEDICINE,BCMP,75780802
Case Western Reserve,NEUROSCIENCES,Nb,9677995
Case Western Reserve,NUTRITION,NA,1290933
Case Western Reserve,PATHOLOGY,Imm;CB,22662684
Case Western Reserve,PHARMACOLOGY,BCMP,6791035
Case Western Reserve,PHYSIOLOGY AND BIOPHYSICS,BCMP,8116086
Case Western Reserve,POPULATION AND QUANTITATIVE HEALTH SCIENCES,SB,7543693
Johns Hopkins,BIOLOGICAL CHEMISTRY,BCMP,5069126
Johns Hopkins,BIOMEDICAL ENGINEERING,NA,14661354
Johns Hopkins,BIOPHYSICS AND BIOPHYSICAL CHEMISTRY,BCMP,3668496
Johns Hopkins,MOLECULAR AND COMPARATIVE PATHOBIOLOGY,Mb,10402561
Johns Hopkins,CELL BIOLOGY,CB,10107909
Johns Hopkins,MOLECULAR BIOLOGY AND GENETICS,Gn,7637918
Johns Hopkins,NEUROSCIENCE,Nb,21967588
Johns Hopkins,PHARMACOLOGY AND MOLECULAR SCIENCES,BCMP,7791118
Johns Hopkins,PHYSIOLOGY,NA,6375529
Northwestern-Feinberg,BIOCHEMISTRY AND MOLECULAR GENETICS,BCMP;Gn,4824600
Northwestern-Feinberg,CELL AND DEVELOPMENTAL BIOLOGY,CB,NA
Northwestern-Feinberg,MICROBIOLOGY-IMMUNOLOGY,Mb;Imm,17238878
Northwestern-Feinberg,NEUROSCIENCE,Nb,NA
Northwestern-Feinberg,PHARMACOLOGY,BCMP,14046049
Drexel,BIOCHEMISTRY AND MOLECULAR BIOLOGY,BCMP;CB,4152448
Drexel,MICROBIOLOGY AND IMMUNOLOGY,Mb;Imm,4136947
Drexel,NEUROBIOLOGY AND ANATOMY,Nb,6863234
Drexel,PHARMACOLOGY AND PHYSIOLOGY,BCMP,6308866
George Washington,ANATOMY AND CELL BIOLOGY,CB,2183609
George Washington,BIOCHEMISTRY AND MOLECULAR MEDICINE,BCMP,2038215
George Washington,GENOMICS AND PRECISION MEDICINE,Gn,NA
George Washington,MICROBIOLOGY IMMUNOLOGY AND TROPICAL MEDICINE,Mb;Imm,9495392
George Washington,PATHOLOGY,NA,1064319
George Washington,PHARMACOLOGY AND PHYSIOLOGY,BCMP,3604010
Georgetown,BIOCHEMISTRY MOLEC BIOLOGY AND CELL BIOLOGY,BCMP;Cb,428757
Georgetown,BIOLOGY,NA,NA
Georgetown,BIOSTATISTICS BIOINFORMATICS AND BIOMATHEMATICS,DBMI;SB,NA
Georgetown,HUMAN SCIENCE,GHSM,NA
Georgetown,MICROBIOLOGY AND IMMUNOLOGY,Mb;Imm,575494
Georgetown,NEUROSCIENCE,Nb,2950447
Georgetown,ONCOLOGY,CB,14584464
Georgetown,PATHOLOGY,NA,479343
Georgetown,PHARMACOLOGY AND PHYSIOLOGY,BCMP,3940933
Georgetown,RADIATION MEDICINE,NA,NA
Tufts,DEVELOPMENTAL MOLEC AND CHEMICAL BIOL,BCMP,5586818
Tufts,IMMUNOLOGY,Imm,1670245
Tufts,MOLECULAR BIOLOGY AND MICROBIOLOGY,Mb;Gn,10629343
Tufts,NEUROSCIENCE,Nb,10257178
Columbia-Vagelos,BIOCHEMISTRY AND MOLECULAR BIOPHYSICS,BCMP,23873413
Columbia-Vagelos,BIOMEDICAL INFORMATICS,DBMI,NA
Columbia-Vagelos,GENETICS AND DEVELOPMENT,Gn,14041994
Columbia-Vagelos,MEDICAL HUMANITIES AND ETHICS,GHSM,NA
Columbia-Vagelos,MICROBIOLOGY AND IMMUNOLOGY,Mb;Imm,8726707
Columbia-Vagelos,MOLECULAR PHARMACOLOGY AND THERAPEUTICS,BCMP,NA
Columbia-Vagelos,NEUROSCIENCE,Nb,26131850
Columbia-Vagelos,PHYSIOLOGY AND CELLULAR BIOPHYSICS,CB,11227132
Columbia-Vagelos,SYSTEMS BIOLOGY,SB,613115
Ohio State,BIOLOGICAL CHEMISTRY AND PHARMACOLOGY,BCMP,4030387
Ohio State,BIOMEDICAL INFORMATICS,DBMI,1883598
Ohio State,CANCER BIOLOGY AND GENETICS,Gen;CB,5117151
Ohio State,BIOMEDICAL EDUCATION AND ANATOMY,NA,NA
Ohio State,MICROBIAL INFECTION AND IMMUNITY,Mb;Imm,10540551
Ohio State,NEUROSCIENCE,Nb,10077575
Ohio State,PHYSIOLOGY AND CELL BIOLOGY,CB,13752504
Pennsylvania-Perelman,BIOCHEMISTRY AND BIOPHYSICS,BCMP,7985452
Pennsylvania-Perelman,BIOSTATISTICS EPIDEMIOLOGY AND INFORMATICS,DBMI;SB,34209324
Pennsylvania-Perelman,CANCER BIOLOGY,CB,9020760
Pennsylvania-Perelman,CELL AND DEVELOPMENTAL BIOLOGY,CB,19181746
Pennsylvania-Perelman,GENETICS,Gn,19166683
Pennsylvania-Perelman,MEDICAL ETHICS AND HEALTH POLICY,GHSM;HCP,562894
Pennsylvania-Perelman,MICROBIOLOGY,Mb,16243369
Pennsylvania-Perelman,NEUROSCIENCE,Nb,20287644
Pennsylvania-Perelman,PHYSIOLOGY,NA,10060256
Pennsylvania-Perelman,SYSTEMS PHARMACOLOGY AND TRANSLATIONAL THERAPEUTICS,BCMP,32481351
Yale,CELLULAR AND MOLECULAR PHYSIOLOGY,BCMP;CB,5922865
Yale,GENETICS,Gn,22696682
Yale,IMMUNOBIOLOGY,Imm,11091068
Yale,MOLECULAR BIOPHYSICS AND BIOCHEMISTRY,BCMP,14769352
Yale,NEUROSCIENCE,Nb,11376923
Yale,CELL BIOLOGY,CB,7685164
Yale,MICROBIAL PATHOGENESIS,Mb,8021355
Yale,COMPARATIVE MEDICINE,NA,10448884
Yale,LABORATORY MEDICINE,NA,7181308
Stanford,BIOCHEMISTRY,BCMP,9623429
Stanford,BIOENGINEERING,NA,13647936
Stanford,BIOMEDICAL DATA SCIENCES,DBMI,NA
Stanford,CHEMICAL AND SYSTEMS BIOLOGY,SB,5721557
Stanford,COMPARATIVE MEDICINE,NA,2641239
Stanford,DEVELOPMENTAL BIOLOGY,NA,7035139
Stanford,EPIDEMIOLOGY AND POPULATION HEALTH,NA,NA
Stanford,GENETICS,Gn,40915113
Stanford,MICROBIOLOGY AND IMMUNOLOGY,Mb;Imm,14681295
Stanford,MOLECULAR AND CELLULAR PHYSIOLOGY,BCMP;CB,12238743
Stanford,NEUROBIOLOGY,Nb,15056829
Stanford,STRUCTURAL BIOLOGY,NA,6582626
Indiana,ANATOMY CELL BIOLOGY AND PHYSIOLOGY,CB,11108275
Indiana,BIOCHEMISTRY AND MOLECULAR BIOLOGY,BCMP,10496212
Indiana,BIOSTATISTICS AND HEALTH DATA SCIENCE,DBMI;SB,1668912
Indiana,MICROBIOLOGY AND IMMUNOLOGY,Mb;Imm,9834112
Indiana,PHARMACOLOGY AND TOXICOLOGY,BCMP,5305437
U Washington,BIOCHEMISTRY,BCMP,14180574
U Washington,BIOENGINEERING,NA,9169735
U Washington,BIOETHICS AND HUMANITIES,GHSM,912281
U Washington,BIOMEDICAL INFORMATICS AND MEDICAL EDUCATION,DBMI,2705098
U Washington,BIOLOGICAL STRUCTURE,NA,6224385
U Washington,GENOME SCIENCES,Gn,27048270
U Washington,GLOBAL HEALTH,GHSM,20572794
U Washington,IMMUNOLOGY,Imm,10777280
U Washington,MICROBIOLOGY,Mb,11252833
U Washington,MOLECULAR AND CELLULAR BIOLOGY,CB,NA
U Washington,NEUROSCIENCE,Nb,NA
U Washington,PATHOLOGY,NA,25421935
U Washington,MOLECULAR MEDICINE AND MECHANISMS OF DISEASE,NA,NA
U Washington,PHARMACOLOGY,BCMP,11218380
U Washington,PHYSIOLOGY AND BIOPHYSICS,BCMP,10769430
U Washington,REHABILITATION MEDICINE,NA,2473906
Jefferson-Kimmel,BIOCHEMISTRY AND MOLECULAR BIOLOGY,BCMP,11242672
Jefferson-Kimmel,CANCER BIOLOGY,NA,9176555
Jefferson-Kimmel,MICROBIOLOGY AND IMMUNOLOGY,Mb;Imm,6638085
Jefferson-Kimmel,MOLECULAR PHYSIOLOGY AND BIOPHYSICS,BCMP,NA
Jefferson-Kimmel,NEUROSCIENCE,Nb,8033129
Jefferson-Kimmel,PATHOLOGY ANATOMY AND CELL BIOLOGY,CB,8337362
Jefferson-Kimmel,PHARMACOLOGY AND EXPERIMENTAL THERAPEUTICS,BCMP,2064471
MC Wisconsin,BIOCHEMISTRY,BCMP,4319526
MC Wisconsin,BIOMEDICAL ENGINEERING,NA,2750954
MC Wisconsin,BIOPHYSICS,BCMP,1591017
MC Wisconsin,CELL BIOLOGY NEUROBIOLOGY AND ANATOMY,CB;Nb,4983711
MC Wisconsin,PHARMACOLOGY AND TOXICOLOGY,BCMP,5897095
MC Wisconsin,PHYSIOLOGY,NA,16055955
NYU-Grossman,BIOCHEMISTRY AND MOLEC PHARMACOLOGY,BCMP,10292656
NYU-Grossman,CELL BIOLOGY,CB,8021762
NYU-Grossman,ENVIRONMENTAL MEDICINE,NA,2104728
NYU-Grossman,MICROBIOLOGY,Mb,17122200
NYU-Grossman,NEUROSCIENCE AND PHYSIOLOGY,Nb,NA
NYU-Grossman,PATHOLOGY,NA,32908135
NYU-Grossman,POPULATION HEALTH,GHSM,NA
UC San Fransisco,ANATOMY,NA,6709036
UC San Fransisco,BIOCHEMISTRY AND BIOPHYSICS,BCMP,18870719
UC San Fransisco,CELLULAR AND MOLECULAR PHARMACOLOGY,BCMP;CB,8128111
UC San Fransisco,EPIDEMIOLOGY AND BIOSTATISTICS,SB,19049756
UC San Fransisco,LABORATORY MEDICINE,NA,7145731
UC San Fransisco,HUMANITIES AND SOCIAL SCIENCES,GHSM,1370291
UC San Fransisco,MICROBIOLOGY AND IMMUNOLOGY,Mb;Imm,12731430
UC San Fransisco,PHYSIOLOGY,NA,14487970
Miami-Miller,BIOCHEMISTRY AND MOLECULAR BIOLOGY,BCMP,4708806
Miami-Miller,CELL BIOLOGY,CB,1378294
Miami-Miller,MICROBIOLOGY AND IMMUNOLOGY,Mb;Imm,10075288
Miami-Miller,MOLECULAR AND CELLULAR PHARMACOLOGY,BCMP;CB,4600897
Miami-Miller,PHYSIOLOGY AND BIOPHYSICS,BCMP,3022294
Miami-Miller,PUBLIC HEALTH SCIENCES,NA,8896515
Illinois,MEDICAL INFORMATION SCIENCE,DBMI,NA
Illinois,BIOCHEMISTRY,BCMP,2026748
Illinois,CELL AND DEVELOPMENTAL BIOLOGY,CB,NA
Illinois,MICROBIOLOGY,Mb,NA
Illinois,MOLECULAR AND INTEGRATIVE PHYSIOLOGY,NA,NA
Illinois,PATHOLOGY,NA,1387355
Illinois,PHARMACOLOGY,BCMP,11491484
Illinois,BIOMEDICAL SCIENCES,DBMI,375765
Illinois,CANCER BIOLOGY AND PHARMACOLOGY,NA,1194615
Illinois,ANATOMY AND CELL BIOLOGY,CB,7315179
Illinois,BIOCHEMISTRY AND MOLECULAR GENETICS,Gn,5492686
Illinois,BIOENGINEERING,NA,8205750
Illinois,MICROBIOLOGY AND IMMUNOLOGY,Mb;Imm,4125924
Illinois,PHARMACOLOGY AND REGENERATIVE MEDICINE,SCRB,NA
Washington U St Louis,BIOCHEMISTRY AND MOLECULAR BIOPHYSICS,BCMP,6798568
Washington U St Louis,CELL BIOLOGY AND PHYSIOLOGY,CB,9830620
Washington U St Louis,DEVELOPMENTAL BIOLOGY,NA,9502818
Washington U St Louis,GENETICS,Gn,25450885
Washington U St Louis,MOLECULAR MICROBIOLOGY,Mb,22666320
Washington U St Louis,NEUROSCIENCE,Nb,9026989
Washington U St Louis,PATHOLOGY AND IMMUNOLOGY,Imm,28113396
Washington U St Louis,BIOSTATISTICS,SB,6051313
Tulane,BIOCHEMISTRY AND MOLECULAR BIOLOGY,BCMP,3783066
Tulane,MICROBIOLOGY AND IMMUNOLOGY,Mb;Imm,9465002
Tulane,PATHOLOGY AND LABORATORY MEDICINE,NA,4876592
Tulane,PHARMACOLOGY,BCMP,3661535
Tulane,PHYSIOLOGY,NA,2988250
Tulane,STRUCTURAL AND CELLULAR BIOLOGY,CB,338308
Duke,BIOCHEMISTRY,BCMP,7233536
Duke,BIOSTATISTICS AND BIOINFORMATICS,SB;DBMI,19632840
Duke,CELL BIOLOGY,CB,13622246
Duke,IMMUNOLOGY,Imm,5170593
Duke,MOLECULAR GENETICS AND MICROBIOLOGY,Mb;Gn,22638541
Duke,NEUROBIOLOGY,Nb,16128442
Duke,PHARMACOLOGY AND CANCER BIOLOGY,BCMP;CB,15325326
Duke,POPULATION HEALTH SCIENCES,GHSM,5898573
Wake Forest,BIOCHEMISTRY,BCMP,2463778
Wake Forest,BIOMEDICAL ENGINEERING,NA,1946966
Wake Forest,BIOSTATISTICAL SCIENCES,SB;DBMI,6825081
Wake Forest,CANCER BIOLOGY,CB,6730979
Wake Forest,COMPARATIVE MEDICINE,NA,4371684
Wake Forest,EPIDEMIOLOGY AND PREVENTION,NA,NA
Wake Forest,IMPLEMENTATION SCIENCE,NA,NA
Wake Forest,MICROBIOLOGY AND IMMUNOLOGY,Mb;Imm,2034739
Wake Forest,MOLECULAR MEDICINE,BCMP,NA
Wake Forest,NEUROBIOLOGY AND ANATOMY,Nb,4454365
Wake Forest,PUBLIC HEALTH SCIENCES,NA,5561111
Wake Forest,SOCIAL SCIENCES AND HEALTH POLICY,HCP;GHSM,5302662
Wayne State,OPHTHAMOLOGY VISUAL AND ANATOMICAL SCIENCES,NA,NA
Wayne State,BIOCHEMISTRY AND MOLECULAR BIOLOGY,BCMP,380140
Wayne State,IMMUNOLOGY AND MICROBIOLOGY,Mb;Imm,1143575
Wayne State,ONCOLOGY,CB,10497221
Wayne State,PHARMACOLOGY,BCMP,3387195
Wayne State,PHYSIOLOGY,BCMP,2857040
Cornell-Weill,BIOCHEMISTRY,BCMP,9500254
Cornell-Weill,BRAIN AND MIND RESEARCH INSTITUTE,Nb,177279
Cornell-Weill,CELL AND DEVELOPMENTAL BIOLOGY,CB,1118798
Cornell-Weill,GENETIC MEDICINE,Gn,954506
Cornell-Weill,MICROBIOLOGY AND IMMUNOLOGY,Mb;Imm,20305389
Cornell-Weill,PHARMACOLOGY,BCMP,12442809
Cornell-Weill,PHYSIOLOGY AND BIOPHYSICS,BCMP,8183275
Brown-Alpert,ECOLOGY AND EVOLUTIONARY BIOLOGY,NA,5499327
Brown-Alpert,MOLECULAR BIOL CELL BIOL AND BIOCHEMISTRY,BCMP;CB,10968070
Brown-Alpert,MOLECULAR MICROBIOLOGY AND IMMUNOLOGY,Mb;Imm,5104318
Brown-Alpert,MOLECULAR PHARM PHYSIOLOGY AND BIOTECH,BCMP,2367292
Brown-Alpert,NEUROSCIENCE,Nb,10504732
Brown-Alpert,PATHOLOGY AND LAB MEDICINE,NA,6859532
Brown-Alpert,MEDICAL SCIENCE,NA,NA
Einstein,ANATOMY AND STRUCTURAL BIOLOGY,NA,NA
Einstein,BIOCEHMISTRY,BCMP,NA
Einstein,CELL BIOLOGY,CB,NA
Einstein,DEVELOPMENTAL AND MOLECULAR BIOLOGY,BCMP,NA
Einstein,EPIDEMIOLOGY AND POPULATION HEALTH,GBSM,NA
Einstein,GENETICS,Gn,NA
Einstein,MICROBIOLOGY AND IMMUNOLOGY,Mb;Imm,NA
Einstein,MOLECULAR PHARMACOLOGY,BCMP,NA
Einstein,NEUROSCIENCE,Nb,NA
Einstein,PATHOLOGY,NA,NA
Einstein,PHYSIOLOGY AND BIOPHYSICS,BCMP,NA
Temple-Katz,CENTER FOR BIOSTATISTICS AND EPIDEMIOLOGY,DBMI,NA
Temple-Katz,FELS INST FOR CANCER RESEARCH AND MOLECULAR BIOLOGY,CB,2870004
Temple-Katz,CENTER FOR TRANSLATIONAL MEDICINE,BCMP,3335257
Temple-Katz,CARDIOVASCULAR RESEARCH CENTER,NA,4649360
Temple-Katz,LEMOLE CENTER FOR INTEGRATED LYMPHATICS RESEARCH,NA,NA
Temple-Katz,CENTER FOR METABOLIC DISEASE RESEARCH,NA,2362286
Temple-Katz,THROMBOSIS RESEARCH CENTER,NA,1570400
Temple-Katz,MEDICAL GENETICS AND MOLEC BIOCHEMISTRY,Gn;BCMP,555518
Temple-Katz,MICROBIOLOGY AND IMMUNOLOGY,Mb;Imm,3286534
Temple-Katz,NEUROVIROLOGY AND GENE EDITING,Gn;Nb,NA
Temple-Katz,LUNG RESEARCH CENTER,NA,670845
Temple-Katz,CENTER FOR SUBSTANCE ABUSE RESEARCH,Nb,5332042
Temple-Katz,ALZHEIMER'S CENTER,Nb,1183471
Temple-Katz,SHRINERS HOSPITALS PEDIATRIC RESEARCH CENTER,Nb,3996832
Temple-Katz,PATHOLOGY AND LAB MEDICINE,NA,3509584
Temple-Katz,CENTER FOR URBAN BIOETHICS,GHSM,NA
Temple-Katz,CENTER FOR ASIAN HEALTH,GHSM,1657271
Temple-Katz,HOPE CENTER FOR COLLEGE COMMUNITY AND JUSTICE,GHSM,NA
Dartmouth-Geisel,BIOCHEMISTRY AND CELL BIOLOGY,BCMP;CB,11622453
Dartmouth-Geisel,BIOMEDICAL DATA SCIENCE,DBMI,3432974
Dartmouth-Geisel,EPIDEMIOLOGY,NA,9875188
Dartmouth-Geisel,HEALTH POLICY AND CLINICAL PRACTICE,HCP,1365810
Dartmouth-Geisel,MICROBIOLOGY AND IMMUNOLOGY,Mb;Imm,17055528
Dartmouth-Geisel,MOLECULAR AND SYSTEMS BIOLOGY,SB,9780527
Chicago-Pritzker,BEN MAY DEPARTMENT FOR CANCER RESEARCH,CB,NA
Chicago-Pritzker,BIOCHEMISTRY AND MOLECULAR BIOLOGY,BCMP,14485639
Chicago-Pritzker,ECOLOGY AND EVOLUTION,NA,4086216
Chicago-Pritzker,HUMAN GENETICS,Gn,2071256
Chicago-Pritzker,MICROBIOLOGY,Mb,6117020
Chicago-Pritzker,MOLECULAR GENETICS AND CELL BIOLOGY,Gn;CB,9129806
Chicago-Pritzker,NEUROBIOLOGY,Nb,11495529
Chicago-Pritzker,ORGANISMAL BIOLOGY AND ANATOMY,NA,8158299
Chicago-Pritzker,PHARMACOLOGICAL AND PHYSIOLOGICAL SCIS,BCMP,703958
Chicago-Pritzker,PUBLIC HEALTH SCIENCES,GHSM,17989767
Pittsburgh,BIOMEDICAL INFORMATICS,DBMI,2762547
Pittsburgh,CELL BIOLOGY,CB,3806817
Pittsburgh,COMPUTATIONAL AND SYSTEMS BIOLOGY,SB,8927593
Pittsburgh,DEVELOPMENTAL BIOLOGY,NA,4134532
Pittsburgh,IMMUNOLOGY,Imm,10902508
Pittsburgh,MICROBIOLOGY AND MOLECULAR GENETICS,Mb;Gn,15636632
Pittsburgh,NEUROBIOLOGY,Nb,12615738
Pittsburgh,PATHOLOGY,NA,12603223
Pittsburgh,PHARMACOLOGY AND CHEMICAL BIOLOGY,BCMP,17133263
Pittsburgh,STRUCTURAL BIOLOGY,NA,6386063
Eastern Virginia,MICROBIOLOGY AND MOLECULAR CELL BIOLOGY,BCMP;CB;Mb,2070864
Eastern Virginia,PATHOLOGY AND ANATOMY,NA,NA
Eastern Virginia,PHYSIOLOGICAL SCIENCES,NA,836660
New York Medical,BIOCHEMISTRY AND MOLECULAR BIOLOGY,BCMP,262500
New York Medical,CELL BIOLOGY AND ANATOMY,CB,514181
New York Medical,PATHOLOGY,NA,410000
New York Medical,MICROBIOLOGY AND IMMUNOLOGY,Mb;Imm,539032
New York Medical,PHARMACOLOGY,BCMP,2661769
New York Medical,PHYSIOLOGY,NA,1237612
New York Medical,PUBLIC HEALTH,GHSM,NA
USF-Morsani,MOLECULAR MEDICINE,BCMP,2470292
USF-Morsani,MOLECULAR PHARMACOLOGY AND PHYSIOLOGY,BCMP,7903409
USF-Morsani,PATHOLOGY AND CELL BIOLOGY,CB,278916
Emory,BIOCHEMISTRY,BCMP,6741586
Emory,BIOMEDICAL ENGINEERING,NA,6879021
Emory,BIOMEDICAL INFORMATICS,DBMI,1828356
Emory,CELL BIOLOGY,CB,6799721
Emory,HUMAN GENETICS,Gn,15543238
Emory,MICROBIOLOGY AND IMMUNOLOGY,Mb;Imm,17601773
Emory,PATHOLOGY AND LAB MEDICINE,NA,32115036
Emory,PHARMACOLOGY AND CHEMICAL BIOLOGY,BCMP,9564372
Minnesota,BIOCHEMISTRY MOLECULAR BIOLOGY AND BIOPHYSICS,BCMP,20433091
Minnesota,GENETICS CELL BIOLOGY AND DEVELOPMENT,Gn;CB,10261046
Minnesota,INTEGRATIVE BIOLOGY AND PHYSIOLOGY,NA,4568955
Minnesota,MICROBIOLOGY AND IMMUNOLOGY,Mb;Imm,8826711
Minnesota,NEUROSCIENCE,Nb,21023411
Minnesota,PHARMACOLOGY,BCMP,9119696
Michigan,BIOMEDICAL ENGINEERING,NA,7045904
Michigan,BIOLOGICAL CHEMISTRY,BCMP,7613449
Michigan,CELL AND DEVELOPMENTAL BIOLOGY,BCMP,19335959
Michigan,COMPUTATIONAL MEDICINE AND BIOINFORMATICS,SB;DBMI,7836645
Michigan,HUMAN GENETICS,Gn,6611217
Michigan,LEARNING HEALTH SCIENCES,NA,1031303
Michigan,MICROBIOLOGY AND IMMUNOLOGY,Mb;Imm,19051218
Michigan,MOLECULAR AND INTEGRATIVE PHYSIOLOGY,BCMP,23675463
Michigan,PHARMACOLOGY,BCMP,13823949
Virginia Commonwealth,ANATOMY AND NEUROBIOLOGY,NA,3687917
Virginia Commonwealth,BIOCHEMISTRY AND MOLECULAR BIOLOGY,BCMP,2460489
Virginia Commonwealth,BIOSTATISTICS,SB,226490
Virginia Commonwealth,HEALTH BEHAVIOR AND POLICY,HCP,1272076
Virginia Commonwealth,MICROBIOLOGY AND IMMUNOLOGY,Mb;Imm,4304963
Virginia Commonwealth,PHARMACOLOGY AND TOXICOLOGY,BCMP,13360860
Virginia Commonwealth,PHYSIOLOGY AND BIOPHYSICS,BCMP,2972317
Chicago Med Franklin,BIOCHEMISTRY AND MOLECULAR BIOLOGY,BCMP,425541
Chicago Med Franklin,CELL BIOLOGY AND ANATOMY,CB,1290156
Chicago Med Franklin,CELLULAR AND MOLECULAR PHARMACOLOGY,BCMP,1261614
Chicago Med Franklin,HUMANITIES AND HEALTH CARE,GHSM,NA
Chicago Med Franklin,MICROBIOLOGY AND IMMUNOLOGY,Mb;Imm,1751543
Chicago Med Franklin,NEUROSCIENCE,Nb,2325869
Chicago Med Franklin,PHYSIOLOGY AND BIOPHYSICS,BCMP,390000
Loyola Stritch,BIOCHEMISTRY AND MOLECULAR BIOLOGY,BCMP,NA
Loyola Stritch,CELL AND MOLECULAR PHYSIOLOGY,NA,3074307
Loyola Stritch,INTEGRATIVE CELL BIOLOGY,CB,550961
Loyola Stritch,MICROBIOLOGY AND IMMUNOLOGY,Mb;Imm,3122442
Loyola Stritch,MOLECULAR PHARMACOLOGY AND THERAPEUTICS,BCMP;Nb,360882
Loyola Stritch,PUBLIC HEALTH SCIENCES,GHSM,1303234
Loyola Stritch,CANCER BIOLOGY,NA,333769
Penn State,BIOCHEMISTRY AND MOLECULAR BIOLOGY,BCMP,2544922
Penn State,CELLULAR AND MOLECULAR PHYSIOLOGY,BCMP,6197993
Penn State,COMPARATIVE MEDICINE,NA,NA
Penn State,HUMANITIES,GHSM,1252896
Penn State,MICROBIOLOGY AND IMMUNOLOGY,Mb;Imm,2740107
Penn State,NEURAL AND BEHAVIORAL SCIENCES,Nb,11154079
Penn State,PHARMACOLOGY,BCMP,3641666
Penn State,PUBLIC HEALTH SCIENCES,NA,7489984
Rochester,BIOCHEMISTRY AND BIOPHYSICS,BCMP,7676106
Rochester,BIOMEDICAL ENGINEERING,NA,3824272
Rochester,BIOMEDICAL GENETICS,Gn,4009112
Rochester,BIOSTATISTICS AND COMPUTATIONAL BIOLOGY,DBMI,2142593
Rochester,CANCER CENTER,NA,764704
Rochester,CARDIOVASCULAR RESEARCH INSTITUTE,BCMP,1659610
Rochester,CENTER FOR COMMUNITY HEALTH AND PREVENTION,NA,NA
Rochester,CENTER FOR HEALTH AND TECHNOLOGY,NA,NA
Rochester,CENTER FOR NEUROTHERAPEUTICS DISCOVERY,Nb,308000
Rochester,CENTER FOR TRANSLATIONAL NEUROMED,Nb,1197373
Rochester,CENTER FOR VACCINE BIOLOGY AND IMMUNOLOGY,Imm,1587132
Rochester,COMPARATIVE MEDICINE,NA,NA
Rochester,ENVIRONMENTAL MEDICINE,NA,5528817
Rochester,MEDICAL HUMANITIES AND BIOETHICS,GHSM,NA
Rochester,MICROBIOLOGY AND IMMUNOLOGY,Mb;Imm,9465405
Rochester,NEUROSCIENCE,Nb,6832186
Rochester,PATHOLOGY AND LAB MEDICINE,NA,411740
Rochester,PHARMACOLOGY AND PHYSIOLOGY,BCMP,4493839
Rochester,PUBLIC HEALTH SCIENCES,NA,8835930
Nebraska,BIOCHEMISTRY AND MOLEC BIOLOGY,BCMP,10669646
Nebraska,BIOSTATISTICS,DBMI;SB,NA
Nebraska,CELLULAR AND INTEGRATIVE PHYSIOLOGY,NA,3432912
Nebraska,ENVIRONMENTAL AGRICULTURAL AND OCCUPATIONAL HEALTH,NA,NA
Nebraska,EPIDEMIOLOGY,NA,NA
Nebraska,GENETICS CELL BIOLOGY AND ANATOMY,NA,832748
Nebraska,PATHOLOGY AND MICROBIOLOGY,Mb,7192985
Nebraska,PHARMACOLOGY AND EXPERIMENTAL NEUROSCIENCE,BCMP,14634610
Ponce,BIOCHEMISTRY,BCMP,4576642
Ponce,MICROBIOLOGY,Mb,236953
Ponce,PHARMACOLOGY,BCMP,2165448
Ponce,PHYSIOLOGY,NA,783892
Saint Louis,BIOCHEMISTRY AND MOLECULAR BIOLOGY,BCMP,3542333
Saint Louis,COMPARATIVE MEDICINE,NA,NA
Saint Louis,CLINICAL TRIALS OFFICE,NA,NA
Saint Louis,MOLECULAR MICROBIOLOGY AND IMMUNOLOGY,Mb;Imm,1933788
Saint Louis,PATHOLOGY,NA,681750
Saint Louis,PHARMACOLOGICAL AND PHYSIOLOGICAL SCIENCE,NA,2377281
Mount Sinai-Icahn,CELL DEVELOPMENTAL AND REGENERATIVE BIOLOGY,CB;SCRB,12602947
Mount Sinai-Icahn,GENETICS AND GENOMIC SCIENCES,Gn,36111243
Mount Sinai-Icahn,MICROBIOLOGY,Mb,26865760
Mount Sinai-Icahn,NEUROSCIENCE,Nb,37181321
Mount Sinai-Icahn,PATHOLOGY,BCMP,2017883
Mount Sinai-Icahn,PHARMACOLOGICAL SCIENCES,BCMP,12400662
Mount Sinai-Icahn,POPULATION HEALTH SCIENCE AND POLICY,GHSM,3195312
Colorado,BIOCHEMISTRY AND MOLEC GENETICS,BCMP;Gn,10612477
Colorado,CELL AND DEVELOPMENTAL BIOLOGY,CB,11237915
Colorado,IMMUNOLOGY AND MICROBIOLOGY,Imm;Mb,17987897
Colorado,PATHOLOGY,NA,1507158
Colorado,PHARMACOLOGY,BCMP,17989643
Colorado,PHYSIOLOGY AND BIOPHYSICS,BCMP,5059420
Vanderbilt,BIOCHEMISTRY,BCMP,32203962
Vanderbilt,BIOMEDICAL INFORMATICS,DBMI,58810395
Vanderbilt,CELL AND DEVELOPMENTAL BIOLOGY,CB,20121833
Vanderbilt,MOLECULAR PHYSIOLOGY AND BIOPHYSICS,BCMP,19993950
Vanderbilt,PHARMACOLOGY,BCMP,15750645
Cincinnati,PHARMACOLOGY AND SYSTEMS PHYSIOLOGY,BCMP,8216611
Cincinnati,MOLECULAR GENETICS BIOCHEMISTRY AND MICROBIOLOGY,Gn;BCMP;Mb,2860458
Cincinnati,ENVIRONMENTAL AND PUBLIC HEALTH SCIENCES,GHSM,5182379
Cincinnati,PATHOLOGY AND LAB MEDICINE,NA,5857389
Albany,MOLECULAR AND CELLULAR PHYSIOLOGY,NA,2601201
Albany,REGENERATIVE AND CANCER CELL BIOLOGY,CB,81354
Albany,IMMUNOLOGY AND MICROBIAL DISEASE,Imm;Mb,4486443
Albany,NEUROSCIENCE AND EXPERIMENTAL THERAPEUTICS,Nb,1616351
Michigan State,EPIDEMIOLOGY AND BIOSTATISTICS,NA,8411758
Michigan State,BIOCHEMISTRY AND MOLECULAR BIOLOGY,BCMP,499670
Michigan State,MICROBIOLOGY AND MOLECULAR GENETICS,Mb,1897674
Michigan State,NEUROSCIENCE,Nb,2738527
Michigan State,MICROBIOLOGY AND MOLECULAR GENETICS,Gn,1897674
Michigan State,PHARMACOLOGY AND TOXICOLOGY,BCMP,1767231
Michigan State,PHYSIOLOGY,NA,NA
UCLA-Geffen,BIOLOGICAL CHEMISTRY,BCMP,8394120
UCLA-Geffen,COMPUTATIONAL MEDICINE,SB,NA
UCLA-Geffen,HUMAN GENETICS,Gn,5162203
UCLA-Geffen,MICROBIOLOGY IMMUN AND MOLEC GENETICS,Mb;Imm;Gn,22219505
UCLA-Geffen,MOLECULAR AND MED PHARMACOLOGY,BCMP,4093029
UCLA-Geffen,NEUROBIOLOGY,Nb,13683066
UCLA-Geffen,PHYSIOLOGY,NA,6380217
Creighton,MEDICAL MICROBIOLOGY AND IMMUNOLOGY,Mb;Imm,2467309
Creighton,MEDICAL HUMANITIES,GHSM,NA
Creighton,PATHOLOGY,NA,NA
Creighton,PHARMACOLOGY,BCMP;Nb,1510950
Wisconsin,BIOMOLECULAR CHEMISTRY,BCMP,6625540
Wisconsin,BIOSTATISTICS AND MED INFORMATICS,DBMI,5154287
Wisconsin,CELL AND REGENERATIVE BIOLOGY,SCRB,5702619
Wisconsin,MEDICAL GENETICS,Gn,2325238
Wisconsin,MEDICAL HISTORY AND BIOETHICS,GHSM,NA
Wisconsin,MEDICAL MICROBIOLOGY AND IMMUNOLOGY,Mb;Imm,5402466
Wisconsin,MEDICAL PHYSICS,BCMP,4266543
Wisconsin,NEUROSCIENCE,Nb,9618410
Wisconsin,ONCOLOGY,NA,9627057
Wisconsin,POPULATION HEALTH SCIENCES,NA,4387832
Iowa-Carver,ANATOMY AND CELL BIOLOGY,CB,6507976
Iowa-Carver,BIOCHEMISTRY AND MOLECULAR BIOLOGY,BCMP,4969193
Iowa-Carver,MICROBIOLOGY AND IMMUNOLOGY,Mb;Imm,11828411
Iowa-Carver,MOLECULAR PHYSIOLOGY AND BIOPHYSICS,BCMP,9436442
Iowa-Carver,NEUROSCIENCE AND PHARMACOLOGY,Nb;BCMP,7511704
Iowa-Carver,PATHOLOGY,NA,7163476
Vermont-Larner,BIOCHEMISTRY,BCMP,1992636
Vermont-Larner,MICROBIOLOGY AND MOLECULAR GENETICS,Mb;Gn,3468661
Vermont-Larner,MOLECULAR PHYSIOLOGY AND BIOPHYSICS,BCMP,3077428
Vermont-Larner,PATHOLOGY AND LABORATORY MEDICINE,NA,3814032
Vermont-Larner,PHARMACOLOGY,NA,3038437
West Virginia,BIOCHEMISTRY,BCMP,2882879
West Virginia,HEALTH INFORMATICS AND INFORMATION MANAGEMENT,DBMI,NA
West Virginia,MICROBIOLOGY IMMUNOLOGY AND CELL BIOLOGY,Mb;Imm;CB,2123038
West Virginia,NEUROSCIENCE,Nb,377936
West Virginia,PATHOLOGY ANATOMY AND LABORATORY MEDICINE,NA,NA
West Virginia,PHYSIOLOGY PHARMACOLOGY AND NEUROSCIENCE,BCMP,5105273
SUNY Downstate,CELL BIOLOGY,CB,4747269
SUNY Downstate,PATHOLOGY,NA,NA
SUNY Downstate,PHYSIOLOGY AND PHARMACOLOGY,BCMP,2570971
Baylor,BIOCHEMISTRY AND MOLECULAR BIOLOGY,BCMP,4624247
Baylor,EDUCATION INNOVATION AND TECHNOLOGY,NA,NA
Baylor,MOLECULAR PHYSIOLOGY AND BIOPHYSICS,BCMP,9442481
Baylor,MOLECULAR VIROLOGY AND MICROBIOLOGY,Mb,5105838
Baylor,MOLECULAR AND CELLULAR BIOLOGY,CB,16951267
Baylor,MOLECULAR AND HUMAN GENETICS,Gn,110178033
Baylor,NEUROSCIENCE,Nb,19988192
Baylor,PATHOLOGY AND IMMUNOLOGY,Imm,9672826
Baylor,PHARMACOLOGY AND CHEMICAL BIOLOGY,BCMP,5133848
Massachusetts,BIOCHEMISTRY AND MOLECULAR PHARMACOLOGY,BCMP,10699194
Massachusetts,MICROBIOLOGY AND PHYSIOLOGICAL SYSTEMS,Mb,9761227
Massachusetts,MOLECULAR CELL AND CANCER BIOLOGY,CB,17797070
Massachusetts,NEUROBIOLOGY,Nb,6190965
Massachusetts,PATHOLOGY,NA,5851940
Massachusetts,POPULATION AND QUANTITATIVE HEALTH SCIENCES,GHSM,8894666
Virginia,BIOCHEMISTRY AND MOLECULAR GENETICS,BCMP;Gn,5893466
Virginia,BIOMEDICAL ENGINEERING,NA,5139096
Virginia,CELL BIOLOGY,NA,5209095
Virginia,MICROBIOLOGY IMMUN AND CANCER BIOLOGY,Mb;Imm,9330771
Virginia,MOLECULAR PHYSIOLOGY AND BIOLOGICAL PHYSICS,BCMP,11790581
Virginia,NEUROSCIENCE,Nb,3551165
Virginia,PHARMACOLOGY,Nb,6115987
Virginia,PUBLIC HEALTH SCIENCES,NA,3158195
North Carolina,BIOCHEMISTRY AND BIOPHYSICS,BCMP,20607724
North Carolina,BIOMEDICAL ENGINEERING,NA,4706078
North Carolina,CELL BIOLOGY AND PHYSIOLOGY,CB,22090613
North Carolina,GENETICS,Gn,27878539
North Carolina,MICROBIOLOGY AND IMMUNOLOGY,Mb;Imm,24793827
North Carolina,NUTRITION,NA,NA
North Carolina,PHARMACOLOGY,BCMP,20829653
North Carolina,SOCIAL MEDICINE,GHSM,5041397
Kentucky,BEHAVIORAL SCIENCE,NA,3188124
Kentucky,MICROBIOLOGY IMMUNOLOGY AND MOLECULAR GENETICS,Mb;Imm;Gn,4828882
Kentucky,MOLECULAR AND CELLULAR BIOCHEMISTRY,BCMP,12361912
Kentucky,NEUROSCIENCE,Nb,8340013
Kentucky,PHARMACOLOGY AND NUTRITIONAL SCIENCES,BCMP,36613844
Kentucky,PHYSIOLOGY,NA,13043885
Kentucky,TOXICOLOGY AND CANCER BIOLOGY,NA,6877151
Toledo,CANCER BIOLOGY,NA,1108001
Toledo,MEDICAL MICROBIOLOGY AND IMMUNOLOGY,Mb;Imm,1302579
Toledo,NEUROSCIENCES,Nb,249000
Toledo,PATHOLOGY,NA,NA
Toledo,PHYSIOLOGY AND PHARMACOLOGY,BCMP,1458159
UC San Diego,CELLULAR AND MOLECULAR MEDICINE,CB,21078801
UC San Diego,NEUROSCIENCES,Nb,38543423
UC San Diego,PATHOLOGY,NA,13294572
UC San Diego,PHARMACOLOGY,BCMP,30033678
Maryland,ANATOMY AND NEUROBIOLOGY,Nb,9400495
Maryland,BIOCHEMISTRY AND MOLECULAR BIOLOGY,BCMP,6486126
Maryland,MICROBIOLOGY AND IMMUNOLOGY,Mb;Imm,21318016
Maryland,PHARMACOLOGY,BCMP,4252812
Maryland,PHYSIOLOGY,NA,9340849
Buffalo-Jacobs,BIOCHEMISTRY,BCMP,4802984
Buffalo-Jacobs,BIOMEDICAL ENGINEERING,NA,NA
Buffalo-Jacobs,BIOMEDICAL INFORMATICS,DBMI,384989
Buffalo-Jacobs,MICROBIOLOGY AND IMMUNOLOGY,Mb;Imm,6360969
Buffalo-Jacobs,PATHOLOGY AND ANATOMICAL SCIENCES,NA,894939
Buffalo-Jacobs,PHARMACOLOGY AND TOXICOLOGY,BCMP,4349046
Buffalo-Jacobs,PHYSIOLOGY AND BIOPHYSICS,BCMP,4534901
Buffalo-Jacobs,STRUCTURAL BIOLOGY,NA,714613
Oregon,BEHAVIORAL NEUROSCIENCE,Nb,2369373
Oregon,BIOMEDICAL ENGINEERING,NA,2261493
Oregon,CELL DEVELOPMENTAL AND CANCER BIOLOGY,CB,2964750
Oregon,CHEMICAL PHYSIOLOGY AND BIOCHEMISTRY,BCMP,NA
Oregon,BIOCHEMISTRY AND MOLECULAR BIOLOGY,BCMP,384997
Oregon,PHYSIOLOGY AND PHARMACOLOGY,BCMP,2074804
Oregon,MEDICAL INFORMATICS AND CLINICAL EPIDEMIOLOGY,DBMI,2578126
Oregon,COMPUTATIONAL BIOLOGY,SB,1026817
Oregon,MOLECULAR AND MEDICAL GENETICS,Gn,1191124
Oregon,MOLECULAR MICROBIOLOGY AND IMMUNOLOGY,Mb;Imm,3326430
Rush,ANATOMY AND CELL BIOLOGY,CB,1201942
Rush,MICROBIAL PATHOGENS AND IMMUNITY,Mb;Imm,2901186
Rush,PATHOLOGY,NA,NA
Rush,PHYSIOLOGY AND BIOPHYSICS,BCMP,2957134
Rush,PREVENTIVE MEDICINE,GHSM,1698263
Louisville,ANATOMICAL SCIENCES AND NEUROBIOLOGY,Nb,7727076
Louisville,BIOCHEMISTRY AND MOLECULAR GENETICS,BCMP;Gn,1614273
Louisville,MICROBIOLOGY AND IMMUNOLOGY,Mb;Imm,4743880
Louisville,PHARMACOLOGY AND TOXICOLOGY,BCMP,4796323
Louisville,PHYSIOLOGY,NA,1952683
Loma Linda,BASIC SCIENCES,BCMP,3848262
Loma Linda,PATHOLOGY AND HUMAN ANATOMY,NA,905919
SUNY Upstate,BIOCHEMISTRY AND MOLECULAR BIOLOGY,BCMP,3159454
SUNY Upstate,CELL AND DEVELOPMENTAL BIOLOGY,CB,1383834
SUNY Upstate,MICROBIOLOGY AND IMMUNOLOGY,Mb;Imm,2253692
SUNY Upstate,NEUROSCIENCE AND PHYSIOLOGY,Nb,1479220
SUNY Upstate,PHARMACOLOGY,BCMP,1862346
Rutgers New Jersey,CELL BIOLOGY AND MOLECULAR MEDICINE,CB;BCMP,6653778
Rutgers New Jersey,MICROBIOLOGY BIOCHEM AND MOLECULAR GENETICS,Mb;BCMP;Gn,3244907
Rutgers New Jersey,PHARMACOLOGY PHYSIOLOGY AND NEUROSCIENCE,Nb;BCMP,6777322
Rutgers New Jersey,PATHOLOGY IMMUNOLOGY AND LABORATORY MEDICINE,Imm,NA
Utah,BIOCHEMISTRY,BCMP,13661436
Utah,BIOMEDICAL INFORMATICS,DBMI,1955437
Utah,HUMAN GENETICS,Gn,10212109
Utah,NEUROBIOLOGY AND ANATOMY,Nb,8991679
Utah,ONCOLOGICAL SCIENCES,NA,7381092
Utah,PATHOLOGY,NA,14299139
Utah,POPULATION HEALTH SCIENCES,GHSM,8267551
Tennessee,ANATOMY AND NEUROBIOLOGY,Nb,3020885
Tennessee,GENETICS GENOMICS AND INFORMATICS,Gn;DBMI,1431173
Tennessee,MICROBIOLOGY IMMUNOLOGY AND BIOCHEMISTRY,Mb;Imm;BCMP,3866818
Tennessee,PATHOLOGY,NA,NA
Tennessee,PHARMACOLOGY,BCMP,3731634
Tennessee,PHYSIOLOGY,NA,8184733
Tennessee,PREVENTIVE MEDICINE,NA,3522101
UT San Antonio-Long,BIOCHEMISTRY AND STRUCTURAL BIOLOGY,BCMP,3505881
UT San Antonio-Long,CELLULAR AND INTEGRATIVE PHYSIOLOGY,NA,8944715
UT San Antonio-Long,CELL SYSTEMS AND ANATOMY,NA,6622041
UT San Antonio-Long,EPIDEMIOLOGY AND BIOSTATISTICS,DBMI,1098410
UT San Antonio-Long,MICROBIOLOGY IMMUNOLOGY AND MOLEC GENETICS,Mb;Imm;Gn,4708510
UT San Antonio-Long,MOLECULAR MEDICINE,NA,6268898
UT San Antonio-Long,PHARMACOLOGY,NA,8515691
UT San Antonio-Long,POPULATION HEALTH SERVICES,GHSM,NA
MU South Carolina,BIOCHEMISTRY AND MOLECULAR BIOLOGY,BCMP,6757115
MU South Carolina,COMPARATIVE MEDICINE,NA,NA
MU South Carolina,MICROBIOLOGY AND IMMUNOLOGY,Mb;Imm,5684650
MU South Carolina,NEUROSCIENCE,Nb,14427199
MU South Carolina,PATHOLOGY AND LAB MEDICINE,NA,5619085
MU South Carolina,PHARMACOLOGY,NA,NA
MU South Carolina,PUBLIC HEALTH SCIENCES,NA,7117945
MU South Carolina,REGENERATIVE MEDICINE AND CELL BIOLOLGY,CB,5392619
Rutgers New Jersey,BIOCHEMISTRY AND MOLECULAR BIOLOGY,BCMP,3829954
Rutgers New Jersey,NEUROSCIENCE AND CELL BIOLOGY,Nb;CB,1458778
Rutgers New Jersey,PATHOLOGY AND LABORATORY MEDICINE,NA,5577403
Rutgers New Jersey,PHARMACOLOGY,NA,2074913
MC Georgia Augusta,BIOCHEMISTRY AND MOLECULAR BIOLOGY,BCMP,2943274
MC Georgia Augusta,CELLULAR BIOLOGY AND ANATOMY,CB,5264233
MC Georgia Augusta,NEUROSCIENCE AND REGENERATIVE MEDICINE,Nb,2789725
MC Georgia Augusta,PATHOLOGY,NA,1607733
MC Georgia Augusta,PHARMACOLOGY AND TOXICOLOGY,NA,5466196
MC Georgia Augusta,PHYSIOLOGY,NA,4615075
MC Georgia Augusta,POPULATION HEALTH SCIENCES,SB,1822246
Northeast Ohio,ANATOMY AND NEUROBIOLOGY,Nb,4235736
Northeast Ohio,PATHOLOGY,NA,NA
UT Medical Branch,BIOCHEMISTRY AND MOLECULAR BIOLOGY,BCMP,5332615
UT Medical Branch,BIOSTATISTICS,NA,NA
UT Medical Branch,HEALTH POLICY AND LEGISLATIVE AFFAIRS,HCP,NA
UT Medical Branch,INSTITUTE FOR TRANSLATIONAL SCIENCES,NA,NA
UT Medical Branch,MICROBIOLOGY AND IMMUNOLOGY,Mb;Imm,35282055
UT Medical Branch,NEUROSCIENCE CELL BIOLOGY AND ANATOMY,CB,4609834
UT Medical Branch,PATHOLOGY,NA,8873861
UT Medical Branch,PHARMACOLOGY AND TOXICOLOGY,NA,9436531
UT Medical Branch,PREVENTIVE MEDICINE AND COMMUNITY HEALTH,GHSM,2779108
Alabama,BIOCHEMISTRY AND MOLEC GENETICS,BCMP;Gn,4672883
Alabama,BIOMEDICAL ENGINEERING,NA,4730582
Alabama,CELL DEVELOPMENTAL AND INTEGRATIVE BIOLOGY,CB,16863807
Alabama,GENETICS,Gn,10896637
Alabama,MICROBIOLOGY,Mb,21285538
Alabama,NEUROBIOLOGY,Nb,7413698
Alabama,PATHOLOGY,NA,10922558
Alabama,PHARMACOLOGY AND TOXICOLOGY,NA,1174724
Oakland Beaumont,FOUNDATIONAL MEDICAL STUDIES,NA,NA
Renaissance Stony Brook,ANATOMICAL SCIENCES,NA,NA
Renaissance Stony Brook,BIOCHEMISTRY AND CELL BIOLOGY,BCMP;CB,1713005
Renaissance Stony Brook,BIOMEDICAL ENGINEERING,NA,825210
Renaissance Stony Brook,BIOMEDICAL INFORMATICS,DBMI,643291
Renaissance Stony Brook,FAMILY POPULATION AND PREVENTIVE MEDICINE,GHSM,4133291
Renaissance Stony Brook,MICROBIOLOGY AND IMMUNOLOGY,Mb;Imm,9443233
Renaissance Stony Brook,NEUROBIOLOGY AND BEHAVIOR,Nb,2696432
Renaissance Stony Brook,PATHOLOGY,NA,3185186
Renaissance Stony Brook,PHYSIOLOGY AND BIOPHYSICS,BCMP,1197429
Florida,AGING AND GERIATRIC RESEARCH,NA,8853808
Florida,ANATOMY AND CELL BIOLOGY,CB,1408260
Florida,BIOCHEMISTRY AND MOLECULAR BIOLOGY,BCMP,3122704
Florida,BIOSTATISTICS,SB,4415921
Florida,EPIDEMIOLOGY,NA,NA
Florida,HEALTH OUTCOMES AND BIOMEDICAL INFORMATICS,DBMI,2302075
Florida,MOLECULAR GENETICS AND MICROBIOL,Gn;Mb,8836715
Florida,PATHOLOGY IMMUNOL AND LAB MEDICINE,Imm,12081454
Florida,PHARMACOLOGY AND THERAPEUTICS,BCMP,4645542
Florida,PHYSIOLOGY AND FUNCTIONAL GENOMICS,Gn,2366634
Oklahoma,BIOCHEMISTRY AND MOLECULAR BIOL,BCMP,7141662
Oklahoma,CELL BIOLOGY,CB,4916963
Oklahoma,MICROBIOLOGY AND IMMUNOLOGY,Mb;Imm,8914949
Oklahoma,PHYSIOLOGY,NA,5044328
Geisinger Commonwealth,POPULATION HEALTH SCIENCES,NA,NA
Geisigner Commonwealth,TRANSLATIONAL DATA SCIENCE AND INFORMATICS,DBMI,NA
Geisinger Commonwealth,MOLECULAR AND FUNCTIONAL GENOMICS,Gn,NA
FIU-Wertheim,CELLULAR BIOLOGY AND PHARMACOLOGY,BCMP,450632
FIU-Wertheim,HUMAN AND MOLECULAR GENETICS,Gn,333955
FIU-Wertheim,IMMUNOLOGY AND NANO-MEDICINE,Imm,2506817
Missouri Kansas City,BIOMEDICAL AND HEALTH INFORMATICS,DBMI,686578
Missouri Kansas City,MEDICAL HUMANITIES AND BIOETHICS,GHSM,NA
Meharry,BIOCHEMISTRY AND CANCER BIOLOGY,BCMP;Nb,1623627
Meharry,MICROBIOLOGY AND IMMUNOLOGY,Mb;Imm,479656
Meharry,PROFESSIONAL AND MEDICAL EDUCATION,NA,NA
Arkansas,BIOCHEMISTRY AND MOLECULAR BIOLOGY,BCMP,3817445
Arkansas,BIOMEDICAL INFORMATICS,DBMI,1622255
Arkansas,BIOSTATISTICS,SB,NA
Arkansas,MICROBIOLOGY AND IMMUNOLOGY,Mb;Imm,6392377
Arkansas,NEUROBIOLOGY AND DEVELOPMENTAL SCIS,Nb,3003127
Arkansas,PHARMACOLOGY AND TOXICOLOGY,BCMP,1440131
Arkansas,PHYSIOLOGY AND CELL BIOLOGY,CB,5854333
South Carolina Columbia,CELL BIOLOGY AND ANATOMY,CB,705065
South Carolina Columbia,PATHOLOGY MICROBIOLOGY AND IMMUNOLOGY,Mb;Imm,8076741
South Carolina Columbia,PHARMACOLOGY PHYSIOLOGY AND NEUROSCIENCE,Nb;BCMP,1687197
UC Davis,BIOCHEMISTRY AND MOLECULAR MEDICINE,BCMP,8357124
UC Davis,CELL BIOLOGY AND HUMAN ANATOMY,CB,13268451
UC Davis,MEDICAL MICROBIOLOGY AND IMMUNOLOGY,Mb;Imm,15179985
UC Davis,PHARMACOLOGY,BCMP,10510886
UC Davis,PHYSIOLOGY AND MEMBRANE BIOLOGY,NA,6472979
UC Davis,PUBLIC HEALTH SCIENCES,NA,20309343
LSU New Orleans,BIOCHEMISTRY AND MOLECULAR BIOLOGY,BCMP,968492
LSU New Orleans,CELL BIOLOGY AND ANATOMY,CB,1138417
LSU New Orleans,GENETICS,Gn,1084758
LSU New Orleans,MICROBIOLOGY IMMUN AND PARASITOLOGY,Mb;Imm,1626777
LSU New Orleans,PHARMACOLOGY AND EXPERIMENTAL THERAPEUTICS,BCMP,1003826
LSU New Orleans,PHYSIOLOGY,NA,6060485
Missouri Columbia,BIOCHEMISTRY,BCMP,4149875
Missouri Columbia,MOLECULAR MICROBIOLOGY AND IMMUNOLOGY,Mb;Imm,4552570
Missouri Columbia,PATHOLOGY AND ANATOMICAL SCIENCES,NA,313495
Missouri Columbia,HEALTH MANAGEMENT AND INFORMATICS,GHSM;DBMI,NA
Missouri Columbia,MEDICAL PHARMACOLOGY AND PHYSIOLOGY,BCMP,2778610
Mayo-Alix,ARTIFICIAL INTELLIGENCE AND INFORMATICS,DBMI,NA
Mayo-Alix,BIOCHEMISTRY AND MOLECULAR BIOLOGY,BCMP,NA
Mayo-Alix,BIOMEDICAL STATISTICS AND INFORMATICS,SB;DBMI,NA
Mayo-Alix,CANCER BIOLOGY,NA,NA
Mayo-Alix,EXPERIMENTAL PATHOLOGY AND LABORATORY MEDICINE,NA,NA
Mayo-Alix,HEALTH CARE POLICY AND RESEARCH,HCP,NA
Mayo-Alix,IMMUNOLOGY,Imm,NA
Mayo-Alix,MOLECULAR MEDICINE,NA,NA
Mayo-Alix,MOLECULAR PHARMACOLOGY AND EXPERIMENTAL THERAPEUTICS,BCMP,NA
Mayo-Alix,NEUROSCIENCE,Nb,NA
Mayo-Alix,PHYSIOLOGY AND BIOMEDICAL ENGINEERING,NA,NA
Mayo-Alix,QUANTITATIVE HEALTH SCIENCES,SB,NA
Florida State,BEHAVIORAL SCIENCES AND SOCIAL MEDICINE,GHSM,5952372
Florida State,BIOMEDICAL SCIENCES,NA,5288766
Florida State,NEUROSCIENCE,Nb,NA
Florida State,MOLECULAR BIOPHYSICS,BCMP,NA
Howard,ANATOMY,NA,2333804
Howard,BIOCHEM AND MOLECULAR BIOLOGY,BCMP,4789081
Howard,MICROBIOLOGY,Mb,763750
Howard,PATHOLOGY,NA,NA
Howard,PHARMACOLOGY,BCMP,NA
Howard,PHYSIOLOGY AND BIOPHYSICS,BCMP,380978
LSU Shreveport,BIOCHEMISTRY AND MOLECULAR BIOLOGY,BCMP,651688
LSU Shreveport,CELLULAR BIOLOGY AND ANATOMY,CB,536125
LSU Shreveport,MICROBIOLOGY AND IMMUNOLOGY,Mb;Imm,1784188
LSU Shreveport,MOLECULAR AND CELLULAR PHYSIOLOGY,NA,1708832
LSU Shreveport,PHARMACOLOGY TOXICOLOGY AND NEUROSCIENCE,NA,219000
UC Irvine,ANATOMY AND NEUROBIOLOGY,Nb,13554231
UC Irvine,BIOLOGICAL CHEMISTRY,BCMP,5290113
UC Irvine,EPIDEMIOLOGY,NA,1186102
UC Irvine,MICROBIOLOGY AND MOLECULAR GENETICS,Mb;Gn,2749635
UC Irvine,PHARMACOLOGY,BCMP,NA
UC Irvine,PHYSIOLOGY AND BIOPHYSICS,BCMP,8921873
California Northstate,BASIC SCIENCE,NA,NA
Zucker Hofstra Northwell,MOLECULAR MEDICINE,BCMP,NA
Zucker Hofstra Northwell,OCCUPATIONAL MEDICINE EPIDEMIOLOGY AND PREVENTION,GHSM,NA
Zucker Hofstra Northwell,PATHOLOGY AND LABORATORY MEDICINE,NA,NA
Wright State-Boonshoft,BIOCHEMISTRY AND MOLEC BIOLOGY,BCMP,559000
Wright State-Boonshoft,NEUROSCIENCE CELL BIOL AND PHYSIOLOGY,Nb;CB,1617948
Wright State-Boonshoft,PATHOLOGY,NA,NA
Wright State-Boonshoft,PHARMACOLOGY AND TOXICOLOGY,NA,997125
Wright State-Boonshoft,POPULATION AND PUBLIC HEALTH SCIENCES,NA,NA
Morehouse,COMMUNITY HEALTH AND PREVENTIVE MEDICINE,NA,1101911
Morehouse,MICROBIOLOGY BIOCHEM AND IMMUNOLOGY,Mb;Imm;BCMP,4913466
Morehouse,NEUROBIOLOGY,Nb,1887831
Morehouse,PATHOLOGY AND ANATOMY,NA,NA
Morehouse,PHARMACOLOGY AND TOXICOLOGY,NA,849213
Morehouse,PHYSIOLOGY,NA,NA
Arizona,CELLULAR AND MOLECULAR MEDICINE,CB,10777974
Arizona,CHEMISTRY AND BIOCHEMISTRY,BCMP,2843805
Arizona,IMMUNOBIOLOGY,Imm,9989996
Arizona,PHARMACOLOGY,BCMP,13972053
Arizona,PHYSIOLOGY,NA,6772247
UT Houston-McGovern,BIOCHEMISTRY AND MOLECULAR BIOLOGY,BCMP,6692160
UT Houston-McGovern,INTEGRATIVE BIOLOGY AND PHARMACOLOGY,BCMP,8534971
UT Houston-McGovern,MICROBIOLOGY AND MOLEC GENETICS,Mb;Gn,8113878
UT Houston-McGovern,NEUROBIOLOGY AND ANATOMY,Nb,9831341
UT Houston-McGovern,PATHOLOGY AND LABORATORY MEDICINE,NA,804937
South Carolina Greenville,BIOMEDICAL SCIENCES,CB,NA
Mississippi,CELL AND MOLECULAR BIOLOGY,CB;BCMP,NA
Mississippi,MICROBIOLOGY AND IMMUNOLOGY,Mb;Imm,357878
Mississippi,NEUROBIOLOGY AND ANATOMICAL SCIENCES,Nb,517813
Mississippi,PATHOLOGY,NA,NA
Mississippi,PHARMACOLOGY AND TOXICOLOGY,NA,2754386
Mississippi,PHYSIOLOGY AND BIOPHYSICS,BCMP,13827389
Mississippi,PREVENTIVE MEDICINE,NA,NA
Connecticut,CELL BIOLOGY,CB,2618417
Connecticut,GENETICS AND GENOME SCIENCES,Gn,9729855
Connecticut,IMMUNOLOGY,Imm,3986599
Connecticut,MOLECULAR BIOLOGY AND BIOPHYSICS,BCMP,5922190
Connecticut,NEUROSCIENCE,Nb,5948787
Connecticut,PATHOLOGY AND LABORATORY MEDICINE,NA,NA
Connecticut,PUBLIC HEALTH SCIENCES,NA,NA
UCF,SCHOOL OF BIOMEDICAL SCIENCES,NA,9830134
UCF,POPULATION HEALTH SCIENCES,GHSM,NA
Cooper Rowan,BIOMEDICAL SCIENCES,NA,673414
UT Southwestern,BIOCHEMISTRY,BCMP,7304281
UT Southwestern,BIOPHYSICS,BCMP,4228484
UT Southwestern,CELL BIOLOGY,CB,7597196
UT Southwestern,IMMUNOLOGY,Imm,3489007
UT Southwestern,BIOINFORMATICS,DBMI,1137823
UT Southwestern,MICROBIOLOGY,Mb,8266454
UT Southwestern,MOLECULAR BIOLOGY,BCMP,11349368
UT Southwestern,MOLECULAR GENETICS,Gn,6663278
UT Southwestern,NEUROSCIENCE,Nb,13159052
UT Southwestern,PHARMACOLOGY,BCMP,7799183
UT Southwestern,PHYSIOLOGY,NA,4677326
UT Southwestern,POPULATION AND DATA SCIENCES,NA,4976338
Western Michigan-Stryker,BIOMEDICAL INFORMATICS,DBMI,NA
Western Michigan-Stryker,BIOMEDICAL SCIENCES,NA,NA
Western Michigan-Stryker,MEDICAL ETHICS HUMANITIES AND LAW,NA,NA
Western Michigan-Stryker,PATHOLOGY,NA,NA
New Mexico,BIOCHEMISTRY AND MOLECULAR BIOLOGY,BCMP,462065
New Mexico,CELL BIOLOGY AND PHYSIOLOGY,CB,1457985
New Mexico,MOLECULAR GENETICS AND MICROBIOLOGY,Gn;Mb,8936412
New Mexico,NEUROSCIENCES,Nb,7108079
New Mexico,PATHOLOGY,NA,12263468
Hawaii-Burns,ANATOMY BIOCHEM AND PHYSIOLOGY,BCMP,2027021
Hawaii-Burns,CELL AND MOLECULAR BIOLOGY,CB,3705418
Hawaii-Burns,NATIVE HAWAIIAN HEALTH,GHSM,77791
Hawaii-Burns,QUANTITATIVE HEALTH SCIENCES,DBMI;SB,NA
Hawaii-Burns,PATHOLOGY,NA,NA
Texas Tech,CELL BIOLOGY AND BIOCHEMISTRY,CB;BCMP,1693583
Texas Tech,CELLULAR PHYSIOLOGY AND MOLEC BIOPHYSICS,BCMP,1089297
Texas Tech,IMMUNOLOGY AND MOLECULAR MICROBIOLOGY,Imm;Mb,NA
Texas Tech,MEDICAL EDUCATION,NA,NA
Texas Tech,PHARMACOLOGY AND NEUROSCIENCE,BCMP;Nb,3013938
Texas A & M,HUMANITIES IN MEDICINE,GHSM,NA
Texas A & M,MEDICAL EDUCATION,NA,NA
Texas A & M,MEDICAL PHYSIOLOGY,NA,2264074
Texas A & M,MICROBIAL PATHOGENESIS AND IMMUNOLOGY,NA,1316416
Texas A & M,MOLECULAR AND CELLULAR MEDICINE,BCMP;CB,4006840
Texas A & M,NEUROSCIENCE AND EXPERIMENTAL THERAPEUTICS,Nb,3103996
Texas A & M,TRANSLATIONAL MEDICAL SCIENCES,NA,NA
Southern Illinois,ANATOMY,NA,NA
Southern Illinois,BIOCHEMISTRY AND MOLECULAR BIOLOGY,BCMP,1096770
Southern Illinois,PHYSIOLOGY,NA,NA
Southern Illinois,MEDICAL EDUCATION,NA,NA
Southern Illinois,INFORMATION AND COMMUNICATION SCIENCES,DBMI,NA
Southern Illinois,MEDICAL HUMANITIES,GHSM,NA
Southern Illinois,MEDICAL MICROBIOLOGY IMMUNOLOGY AND CELL BIOLOGY,Mb;Imm;CB,337406
Southern Illinois,PHARMACOLOGY,BCMP,1753558
Southern Illinois,POPULATION SCIENCES AND POLICY,HCP,NA
Arizona,BASIC MEDICAL SCIENCES,NA,1588680
Arizona,BIOETHICS AND MEDICAL HUMANISM,GHSM,NA
Arizona,BIOMEDICAL INFORMATICS,DBMI,NA
Arizona,PATHOLOGY,NA,917803
Arizona,TRANSLATIONAL NEUROSCIENCES,Nb,NA
Caribe,ANATOMY AND CELL BIOLOGY,CB,NA
Caribe,BIOCHEMISTRY,BCMP,445029
Caribe,MICROBIOLOGY AND IMMUNOLOGY,Mb;Imm,NA
Caribe,NEUROSCIENCE,Nb,124585
Caribe,PHARMACOLOGY,BCMP,NA
Caribe,PHYSIOLOGY,NA,NA
South Dakota-Sanford,BASIC BIOMEDICAL SCIENCES,NA,6776505
South Dakota-Sanford,NEUORSCIENCES,Nb,NA
East Tennessee-Quillen,BIOMEDICAL SCIENCES,NA,2927428
South Alabama,BIOCHEMISTRY AND MOLECULAR BIOLOGY,BCMP,804735
South Alabama,COMPARATIVE MEDICINE,NA,NA
South Alabama,MICROBIOLOGY AND IMMUNOLOGY,Mb;Imm,385000
South Alabama,PHARMACOLOGY,BCMP,3884720
South Alabama,PHYSIOLOGY AND CELL BIOLOGY,CB,1690634
Nevada Reno,MICROBIOLOGY AND IMMUNOLOGY,Mb;Imm,1237451
Nevada Reno,PATHOLOGY,NA,NA
Nevada Reno,PHARMACOLOGY,BCMP,11263823
Nevada Reno,PHYSIOLOGY AND CELL BIOLOGY,CB,5486093
Marshall-Edwards,BIOMEDICAL SCIENCES,NA,5252418
Marshall-Edwards,CLINICAL AND TRANSITIONAL SCIENCES,NA,NA
CUNY,MOLECULAR CELLULAR AND BIOMEDICAL SCIENCES,CB,914712
Florida Atlantic-Schmidt,BIOMEDICAL SCIENCE,NA,2619702
Virginia Tech Carilion,BASIC SCIENCE EDUCATION,NA,NA
Puerto Rico,ANATOMY AND NEUROBIOLOGY,Nb,525000
Puerto Rico,BIOCHEMISTRY,BCMP,4538739
Puerto Rico,MICROBIOLOGY,Mb,1105935
Puerto Rico,PHARMACOLOGY AND TOXICOLOGY,BCMP,45320
Puerto Rico,PHYSIOLOGY,NA,NA
Texas Tech-Foster,MOLECULAR AND TRANSITIONAL MEDICINE,BCMP,NA
East Carolina-Brody,ANATOMY AND CELL BIOLOGY,CB,971760
East Carolina-Brody,BIOCHEMISTRY AND MOLECULAR BIOLOGY,BCMP,NA
East Carolina-Brody,BIOETHICS AND INTERDISCIPLINARY STUDIES,GHSM,NA
East Carolina-Brody,COMPARATIVE MEDICINE,NA,NA
East Carolina-Brody,MICROBIOLOGY AND IMMUNOLOGY,Mb;Imm,2512494
East Carolina-Brody,PHARMACOLOGY AND TOXICOLOGY,BCMP,754064
East Carolina-Brody,PHYSIOLOGY,NA,846689
East Carolina-Brody,PUBLIC HEALTH,NA,704185
San Juan Bautista,ANATOMY,NA,NA
San Juan Bautista,BIOCHEMISTRY/PHARMACOLOGY,NA,NA
San Juan Bautista,MICROBIOLOGY,NA,NA
San Juan Bautista,PHYSIOLOGY/PATHOLOGY,NA,NA
UC Riverside,BIOMEDICAL SCIENCES,NA,10571834
UC Riverside,SOCIAL MEDICINE POPULATION AND PUBLIC HEALTH,GHSM,622427
Washington State-Floyd,TRANSLATIONAL MEDICINE AND PHYSIOLOGY,NA,NA
Hackensack Meridian,MEDICAL SCIENCES,NA,NA
UT Rio Grande Valley,HUMAN GENETICS,Gn,NA
UT Rio Grande Valley,IMMUNOLOGY AND MICROBIOLOGY,Imm;Mb,NA
UT Rio Grande Valley,MOLECULAR SCIENCE,BCMP,NA
UT Rio Grande Valley,NEUROSCIENCE,Nb,NA
UT Rio Grande Valley,PHARMACOLOGY,BCMP,NA
UT Rio Grande Valley,POPULATION HEALTH AND BIOSTATISTICS,GHSM;HCP,NA
UT Austin-Dell,HEALTH SOCIAL WORK,NA,NA
UT Austin-Dell,POPULATION HEALTH,GHSM;HCP,189003
NYU Long Island,FOUNDATIONS OF MEDICINE,NA,NA
Kaiser Permanente-Tyson,BIOMEDICAL SCIENCE,NA,NA
Uniformed Services-Hebert,ANATOMY PHYSIOLOGY AND GENETICS,Gn,NA
Uniformed Services-Hebert,BIOCHEMISTRY,BCMP,NA
Uniformed Services-Hebert,MICROBIOLOGY AND IMMUNOLOGY,Mb;Imm,NA
Uniformed Services-Hebert,PATHOLOGY,NA,NA
Uniformed Services-Hebert,PHARMACOLOGY AND MOLECULAR THERAPEUTICS,BCMP,NA
Uniformed Services-Hebert,PREVENTIVE MEDICINE AND BIOSTATISTICS,GHSM;HCP;SB,NA
Kansas,ANATOMY AND CELL BIOLOGY,CB,6778858
Kansas,BIOCHEMISTRY AND MOLECULAR BIOLOGY,BCMP,3768286
Kansas,BIOSTATISTICS AND DATA SCIENCE,DBMI,NA
Kansas,CANCER BIOLOGY,NA,703276
Kansas,HISTORY AND PHILOSOPHY OF MEDICINE,GHSM,NA
Kansas,MICROBIOLOGY MOLECULAR GENETICS AND IMMUNOLOGY,Mb;Gn;Imm,4134488
Kansas,MOLECULAR AND INTEGRATIVE PHYSIOLOGY,NA,3946626
Kansas,PATHOLOGY AND LABORATORY MEDICINE,NA,11024183
Kansas,PHARMACOLOGY TOXICOLOGY AND THERAPEUTICS,NA,3586274
Kansas,POPULATION HEALTH,NA,4033106
North Dakota,BIOMEDICAL SCIENCES,NA,6189957
North Dakota,PATHOLOGY,NA,3901673
North Dakota,PHARMACOLOGY PHYSIOLOGY AND THERAPEUTICS,BCMP,2218823
Mercer,BIOMEDICAL SCIENCES,NA,849000
TCU UNTHSC,INSTITUTE FOR CANCER RESEARCH,NA,206280
