department_name,school,harvard_equivalent
BIOCHEMISTRY AND MOLEC GENETICS,Alabama,BCMP;Gn
CELL DEVELOPMENTAL AND INTEGRATIVE BIOLOGY,Alabama,CB
GENETICS,Alabama,Gn
MICROBIOLOGY,Alabama,Mb
NEUROBIOLOGY,Alabama,Nb
BIOMEDICAL ENGINEERING,Alabama,NA
PATHOLOGY,Alabama,NA
PHARMACOLOGY AND TOXICOLOGY,Alabama,NA
REGENERATIVE AND CANCER CELL BIOLOGY,Albany,SCRB
IMMUNOLOGY AND MICROBIAL DISEASE,Albany,Imm;Mb
NEUROSCIENCE AND EXPERIMENTAL THERAPEUTICS,Albany,Nb
MOLECULAR AND CELLULAR PHYSIOLOGY,Albany,BCMP;CB
CHEMISTRY AND BIOCHEMISTRY,Arizona,BCMP
PHARMACOLOGY,Arizona,BCMP
CELLULAR AND MOLECULAR MEDICINE,Arizona,CB
IMMUNOBIOLOGY,Arizona,Imm
PHYSIOLOGY,Arizona,NA
BIOMEDICAL INFORMATICS,Arizona (Phoenix),DBMI
BIOETHICS AND MEDICAL HUMANISM,Arizona (Phoenix),GHSM
TRANSLATIONAL NEUROSCIENCES,Arizona (Phoenix),Nb
BASIC MEDICAL SCIENCES,Arizona (Phoenix),NA
PATHOLOGY,Arizona (Phoenix),NA
BIOCHEMISTRY AND MOLECULAR BIOLOGY,Arkansas,BCMP
PHARMACOLOGY AND TOXICOLOGY,Arkansas,BCMP
PHYSIOLOGY AND CELL BIOLOGY,Arkansas,CB
BIOMEDICAL INFORMATICS,Arkansas,DBMI
MICROBIOLOGY AND IMMUNOLOGY,Arkansas,Mb;Imm
NEUROBIOLOGY AND DEVELOPMENTAL SCIS,Arkansas,Nb
BIOSTATISTICS,Arkansas,DBMI
BIOCHEMISTRY AND MOLECULAR BIOLOGY,Baylor,BCMP
MOLECULAR PHYSIOLOGY AND BIOPHYSICS,Baylor,BCMP
PHARMACOLOGY AND CHEMICAL BIOLOGY,Baylor,BCMP
MOLECULAR AND CELLULAR BIOLOGY,Baylor,CB
MOLECULAR AND HUMAN GENETICS,Baylor,Gn
PATHOLOGY AND IMMUNOLOGY,Baylor,Imm
MOLECULAR VIROLOGY AND MICROBIOLOGY,Baylor,Mb
NEUROSCIENCE,Baylor,Nb
EDUCATION INNOVATION AND TECHNOLOGY,Baylor,NA
PHARMACOLOGY AND EXPERIMENTAL THERAPEUTICS,Boston,BCMP
PHYSIOLOGY AND BIOPHYSICS,Boston,BCMP
BIOCHEMISTRY,Boston,BCMP
MICROBIOLOGY,Boston,Mb;Imm
ANATOMY AND NEUROBIOLOGY,Boston,Nb
PATHOLOGY AND LABORATORY MEDICINE,Boston,NA
MEDICAL SCIENCES AND EDUCATION,Boston,NA
MOLECULAR PHARM PHYSIOLOGY AND BIOTECH,Brown-Alpert,BCMP
MOLECULAR BIOL CELL BIOL AND BIOCHEMISTRY,Brown-Alpert,BCMP;CB
MOLECULAR MICROBIOLOGY AND IMMUNOLOGY,Brown-Alpert,Mb;Imm
NEUROSCIENCE,Brown-Alpert,Nb
ECOLOGY AND EVOLUTIONARY BIOLOGY,Brown-Alpert,NA
PATHOLOGY AND LAB MEDICINE,Brown-Alpert,NA
MEDICAL SCIENCE,Brown-Alpert,NA
BIOCHEMISTRY,Buffalo-Jacobs,BCMP
PHARMACOLOGY AND TOXICOLOGY,Buffalo-Jacobs,BCMP
PHYSIOLOGY AND BIOPHYSICS,Buffalo-Jacobs,BCMP
BIOMEDICAL INFORMATICS,Buffalo-Jacobs,DBMI
MICROBIOLOGY AND IMMUNOLOGY,Buffalo-Jacobs,Mb;Imm
BIOMEDICAL ENGINEERING,Buffalo-Jacobs,NA
PATHOLOGY AND ANATOMICAL SCIENCES,Buffalo-Jacobs,NA
STRUCTURAL BIOLOGY,Buffalo-Jacobs,NA
BASIC SCIENCE,California Northstate,NA
BIOCHEMISTRY,Caribe,BCMP
PHARMACOLOGY,Caribe,BCMP
ANATOMY AND CELL BIOLOGY,Caribe,CB
MICROBIOLOGY AND IMMUNOLOGY,Caribe,Mb;Imm
NEUROSCIENCE,Caribe,Nb
PHYSIOLOGY,Caribe,NA
MOLECULAR MEDICINE,Case Western Reserve,BCMP
PHARMACOLOGY,Case Western Reserve,BCMP
PHYSIOLOGY AND BIOPHYSICS,Case Western Reserve,BCMP
BIOCHEMISTRY,Case Western Reserve,BCMP
GENETICS AND GENOME SCIENCES,Case Western Reserve,Gn
PATHOLOGY,Case Western Reserve,NA
MOLECULAR BIOL AND MICROBIOLOGY,Case Western Reserve,Mb
NEUROSCIENCES,Case Western Reserve,Nb
POPULATION AND QUANTITATIVE HEALTH SCIENCES,Case Western Reserve,GHSM;DBMI
ANATOMY,Case Western Reserve,NA
BIOMEDICAL ENGINEERING,Case Western Reserve,NA
NUTRITION,Case Western Reserve,NA
BIOCHEMISTRY AND MOLECULAR BIOLOGY,Chicago Med Franklin,BCMP
CELLULAR AND MOLECULAR PHARMACOLOGY,Chicago Med Franklin,BCMP
PHYSIOLOGY AND BIOPHYSICS,Chicago Med Franklin,BCMP
CELL BIOLOGY AND ANATOMY,Chicago Med Franklin,CB
HUMANITIES AND HEALTH CARE,Chicago Med Franklin,GHSM
MICROBIOLOGY AND IMMUNOLOGY,Chicago Med Franklin,Mb;Imm
NEUROSCIENCE,Chicago Med Franklin,Nb
BIOCHEMISTRY AND MOLECULAR BIOLOGY,Chicago-Pritzker,BCMP
PHARMACOLOGICAL AND PHYSIOLOGICAL SCIS,Chicago-Pritzker,BCMP
BEN MAY DEPARTMENT FOR CANCER RESEARCH,Chicago-Pritzker,NA
PUBLIC HEALTH SCIENCES,Chicago-Pritzker,GHSM
HUMAN GENETICS,Chicago-Pritzker,Gn
MOLECULAR GENETICS AND CELL BIOLOGY,Chicago-Pritzker,Gn;CB
MICROBIOLOGY,Chicago-Pritzker,Mb
NEUROBIOLOGY,Chicago-Pritzker,Nb
ECOLOGY AND EVOLUTION,Chicago-Pritzker,NA
ORGANISMAL BIOLOGY AND ANATOMY,Chicago-Pritzker,NA
PHARMACOLOGY AND SYSTEMS PHYSIOLOGY,Cincinnati,BCMP
ENVIRONMENTAL AND PUBLIC HEALTH SCIENCES,Cincinnati,GHSM
MOLECULAR GENETICS BIOCHEMISTRY AND MICROBIOLOGY,Cincinnati,Gn;BCMP;Mb
PATHOLOGY AND LAB MEDICINE,Cincinnati,NA
PHARMACOLOGY,Colorado,BCMP
PHYSIOLOGY AND BIOPHYSICS,Colorado,BCMP
BIOCHEMISTRY AND MOLEC GENETICS,Colorado,BCMP;Gn
CELL AND DEVELOPMENTAL BIOLOGY,Colorado,CB
IMMUNOLOGY AND MICROBIOLOGY,Colorado,Imm;Mb
PATHOLOGY,Colorado,NA
BIOCHEMISTRY AND MOLECULAR BIOPHYSICS,Columbia-Vagelos,BCMP
MOLECULAR PHARMACOLOGY AND THERAPEUTICS,Columbia-Vagelos,BCMP
PHYSIOLOGY AND CELLULAR BIOPHYSICS,Columbia-Vagelos,CB
BIOMEDICAL INFORMATICS,Columbia-Vagelos,DBMI
MEDICAL HUMANITIES AND ETHICS,Columbia-Vagelos,GHSM
GENETICS AND DEVELOPMENT,Columbia-Vagelos,Gn
MICROBIOLOGY AND IMMUNOLOGY,Columbia-Vagelos,Mb;Imm
NEUROSCIENCE,Columbia-Vagelos,Nb
SYSTEMS BIOLOGY,Columbia-Vagelos,SB
MOLECULAR BIOLOGY AND BIOPHYSICS,Connecticut,BCMP
CELL BIOLOGY,Connecticut,CB
GENETICS AND GENOME SCIENCES,Connecticut,Gn
IMMUNOLOGY,Connecticut,Imm
NEUROSCIENCE,Connecticut,Nb
PATHOLOGY AND LABORATORY MEDICINE,Connecticut,NA
PUBLIC HEALTH SCIENCES,Connecticut,NA
BIOMEDICAL SCIENCES,Cooper Rowan,NA
BIOCHEMISTRY,Cornell-Weill,BCMP
PHARMACOLOGY,Cornell-Weill,BCMP
PHYSIOLOGY AND BIOPHYSICS,Cornell-Weill,BCMP
CELL AND DEVELOPMENTAL BIOLOGY,Cornell-Weill,CB
GENETIC MEDICINE,Cornell-Weill,Gn
MICROBIOLOGY AND IMMUNOLOGY,Cornell-Weill,Mb;Imm
BRAIN AND MIND RESEARCH INSTITUTE,Cornell-Weill,Nb
PHARMACOLOGY (AND NEUROSCIENCE),Creighton,BCMP;Nb
MEDICAL HUMANITIES,Creighton,GHSM
MEDICAL MICROBIOLOGY AND IMMUNOLOGY,Creighton,Mb;Imm
PATHOLOGY,Creighton,NA
MOLECULAR CELLULAR AND BIOMEDICAL SCIENCES,CUNY,CB
BIOCHEMISTRY AND CELL BIOLOGY,Dartmouth-Geisel,BCMP;CB
BIOMEDICAL DATA SCIENCE,Dartmouth-Geisel,DBMI
HEALTH POLICY AND CLINICAL PRACTICE,Dartmouth-Geisel,HCP
MICROBIOLOGY AND IMMUNOLOGY,Dartmouth-Geisel,Mb;Imm
MOLECULAR AND SYSTEMS BIOLOGY,Dartmouth-Geisel,SB
EPIDEMIOLOGY,Dartmouth-Geisel,NA
PHARMACOLOGY AND PHYSIOLOGY,Drexel,BCMP
BIOCHEMISTRY AND MOLECULAR BIOLOGY,Drexel,BCMP
MICROBIOLOGY AND IMMUNOLOGY,Drexel,Mb;Imm
NEUROBIOLOGY AND ANATOMY,Drexel,Nb
BIOCHEMISTRY,Duke,BCMP
PHARMACOLOGY AND CANCER BIOLOGY,Duke,BCMP
CELL BIOLOGY,Duke,CB
BIOSTATISTICS AND BIOINFORMATICS,Duke,DBMI
POPULATION HEALTH SCIENCES,Duke,GHSM
IMMUNOLOGY,Duke,Imm
MOLECULAR GENETICS AND MICROBIOLOGY,Duke,Mb;Gn
NEUROBIOLOGY,Duke,Nb
BIOCHEMISTRY AND MOLECULAR BIOLOGY,East Carolina-Brody,BCMP
PHARMACOLOGY AND TOXICOLOGY,East Carolina-Brody,BCMP
ANATOMY AND CELL BIOLOGY,East Carolina-Brody,CB
BIOETHICS AND INTERDISCIPLINARY STUDIES,East Carolina-Brody,GHSM
MICROBIOLOGY AND IMMUNOLOGY,East Carolina-Brody,Mb;Imm
COMPARATIVE MEDICINE,East Carolina-Brody,NA
PHYSIOLOGY,East Carolina-Brody,NA
PUBLIC HEALTH,East Carolina-Brody,NA
BIOMEDICAL SCIENCES,East Tennessee-Quillen,NA
MICROBIOLOGY AND MOLECULAR CELL BIOLOGY,Eastern Virginia,BCMP;CB;Mb
PATHOLOGY AND ANATOMY,Eastern Virginia,NA
PHYSIOLOGICAL SCIENCES,Eastern Virginia,NA
BIOCEHMISTRY,Einstein,BCMP
DEVELOPMENTAL AND MOLECULAR BIOLOGY,Einstein,BCMP
MOLECULAR PHARMACOLOGY,Einstein,BCMP
PHYSIOLOGY AND BIOPHYSICS,Einstein,BCMP
CELL BIOLOGY,Einstein,CB
EPIDEMIOLOGY AND POPULATION HEALTH,Einstein,GHSM
GENETICS,Einstein,Gn
MICROBIOLOGY AND IMMUNOLOGY,Einstein,Mb;Imm
NEUROSCIENCE,Einstein,Nb
ANATOMY AND STRUCTURAL BIOLOGY,Einstein,NA
PATHOLOGY,Einstein,NA
BIOCHEMISTRY,Emory,BCMP
PHARMACOLOGY AND CHEMICAL BIOLOGY,Emory,BCMP
CELL BIOLOGY,Emory,CB
BIOMEDICAL INFORMATICS,Emory,DBMI
HUMAN GENETICS,Emory,Gn
MICROBIOLOGY AND IMMUNOLOGY,Emory,Mb;Imm
BIOMEDICAL ENGINEERING,Emory,NA
PATHOLOGY AND LAB MEDICINE,Emory,NA
CELLULAR BIOLOGY AND PHARMACOLOGY,FIU-Wertheim,BCMP
HUMAN AND MOLECULAR GENETICS,FIU-Wertheim,Gn
IMMUNOLOGY AND NANO-MEDICINE,FIU-Wertheim,Imm
BIOCHEMISTRY AND MOLECULAR BIOLOGY,Florida,BCMP
PHARMACOLOGY AND THERAPEUTICS,Florida,BCMP
ANATOMY AND CELL BIOLOGY,Florida,CB
HEALTH OUTCOMES AND BIOMEDICAL INFORMATICS,Florida,DBMI
PHYSIOLOGY AND FUNCTIONAL GENOMICS,Florida,Gn
MOLECULAR GENETICS AND MICROBIOL,Florida,Gn;Mb
PATHOLOGY IMMUNOL AND LAB MEDICINE,Florida,Imm
BIOSTATISTICS,Florida,DBMI
AGING AND GERIATRIC RESEARCH,Florida,NA
EPIDEMIOLOGY,Florida,NA
BIOMEDICAL SCIENCE,Florida Atlantic-Schmidt,NA
MOLECULAR BIOPHYSICS,Florida State,BCMP
BEHAVIORAL SCIENCES AND SOCIAL MEDICINE,Florida State,GHSM
NEUROSCIENCE,Florida State,Nb
BIOMEDICAL SCIENCES,Florida State,NA
TRANSLATIONAL DATA SCIENCE AND INFORMATICS,Geisigner Commonwealth,DBMI
MOLECULAR AND FUNCTIONAL GENOMICS,Geisinger Commonwealth,Gn
POPULATION HEALTH SCIENCES,Geisinger Commonwealth,NA
BIOCHEMISTRY AND MOLECULAR MEDICINE,George Washington,BCMP
PHARMACOLOGY AND PHYSIOLOGY,George Washington,BCMP
ANATOMY AND CELL BIOLOGY,George Washington,CB
GENOMICS AND PRECISION MEDICINE,George Washington,Gn
MICROBIOLOGY IMMUNOLOGY AND TROPICAL MEDICINE,George Washington,Mb;Imm
PATHOLOGY,George Washington,NA
PHARMACOLOGY AND PHYSIOLOGY,Georgetown,BCMP
BIOCHEMISTRY MOLEC BIOLOGY AND CELL BIOLOGY,Georgetown,BCMP;CB
ONCOLOGY,Georgetown,NA
BIOSTATISTICS BIOINFORMATICS AND BIOMATHEMATICS,Georgetown,DBMI
HUMAN SCIENCE,Georgetown,GHSM
MICROBIOLOGY AND IMMUNOLOGY,Georgetown,Mb;Imm
NEUROSCIENCE,Georgetown,Nb
BIOLOGY,Georgetown,NA
PATHOLOGY,Georgetown,NA
RADIATION MEDICINE,Georgetown,NA
MEDICAL SCIENCES,Hackensack Meridian,NA
BIOLOGICAL CHEMISTRY AND MOLECULAR PHARMACOLOGY,Harvard,BCMP
CELL BIOLOGY,Harvard,CB
BIOMEDICAL INFORMATICS,Harvard,DBMI
GLOBAL HEALTH AND SOCIAL MEDICINE,Harvard,GHSM
GENETICS,Harvard,Gn
HEALTH CARE POLICY,Harvard,HCP
IMMUNOLOGY,Harvard,Imm
MICROBIOLOGY,Harvard,Mb
MICROBIOLOGY AND IMMUNOBIOLOGY (LEGACY),Harvard,Mb;Imm
NEUROBIOLOGY,Harvard,Nb
SYSTEMS BIOLOGY,Harvard,SB
STEM CELL AND REGENERATIVE BIOLOGY,Harvard,SCRB
ANATOMY BIOCHEM AND PHYSIOLOGY,Hawaii-Burns,BCMP
CELL AND MOLECULAR BIOLOGY,Hawaii-Burns,CB
QUANTITATIVE HEALTH SCIENCES,Hawaii-Burns,DBMI
NATIVE HAWAIIAN HEALTH,Hawaii-Burns,GHSM
PATHOLOGY,Hawaii-Burns,NA
BIOCHEM AND MOLECULAR BIOLOGY,Howard,BCMP
PHARMACOLOGY,Howard,BCMP
PHYSIOLOGY AND BIOPHYSICS,Howard,BCMP
MICROBIOLOGY,Howard,Mb
ANATOMY,Howard,NA
PATHOLOGY,Howard,NA
BIOCHEMISTRY,Illinois,BCMP
PHARMACOLOGY,Illinois,BCMP
CELL AND DEVELOPMENTAL BIOLOGY,Illinois,CB
ANATOMY AND CELL BIOLOGY,Illinois,CB
MEDICAL INFORMATION SCIENCE,Illinois,DBMI
BIOMEDICAL SCIENCES,Illinois,DBMI
BIOCHEMISTRY AND MOLECULAR GENETICS,Illinois,Gn
MICROBIOLOGY,Illinois,Mb
MICROBIOLOGY AND IMMUNOLOGY,Illinois,Mb;Imm
PHARMACOLOGY AND REGENERATIVE MEDICINE,Illinois,SCRB
MOLECULAR AND INTEGRATIVE PHYSIOLOGY,Illinois,NA
PATHOLOGY,Illinois,NA
CANCER BIOLOGY AND PHARMACOLOGY,Illinois,NA
BIOENGINEERING,Illinois,NA
BIOCHEMISTRY AND MOLECULAR BIOLOGY,Indiana,BCMP
PHARMACOLOGY AND TOXICOLOGY,Indiana,BCMP
ANATOMY CELL BIOLOGY AND PHYSIOLOGY,Indiana,CB
BIOSTATISTICS AND HEALTH DATA SCIENCE,Indiana,DBMI
MICROBIOLOGY AND IMMUNOLOGY,Indiana,Mb;Imm
BIOCHEMISTRY AND MOLECULAR BIOLOGY,Iowa-Carver,BCMP
MOLECULAR PHYSIOLOGY AND BIOPHYSICS,Iowa-Carver,BCMP
ANATOMY AND CELL BIOLOGY,Iowa-Carver,CB
MICROBIOLOGY AND IMMUNOLOGY,Iowa-Carver,Mb;Imm
NEUROSCIENCE AND PHARMACOLOGY,Iowa-Carver,Nb;BCMP
PATHOLOGY,Iowa-Carver,NA
BIOCHEMISTRY AND MOLECULAR BIOLOGY,Jefferson-Kimmel,BCMP
MOLECULAR PHYSIOLOGY AND BIOPHYSICS,Jefferson-Kimmel,BCMP
PHARMACOLOGY AND EXPERIMENTAL THERAPEUTICS,Jefferson-Kimmel,BCMP
PATHOLOGY ANATOMY AND CELL BIOLOGY,Jefferson-Kimmel,CB
MICROBIOLOGY AND IMMUNOLOGY,Jefferson-Kimmel,Mb;Imm
NEUROSCIENCE,Jefferson-Kimmel,Nb
CANCER BIOLOGY,Jefferson-Kimmel,NA
BIOLOGICAL CHEMISTRY,Johns Hopkins,BCMP
BIOPHYSICS AND BIOPHYSICAL CHEMISTRY,Johns Hopkins,BCMP
PHARMACOLOGY AND MOLECULAR SCIENCES,Johns Hopkins,BCMP
CELL BIOLOGY,Johns Hopkins,CB
MOLECULAR BIOLOGY AND GENETICS,Johns Hopkins,Gn
MOLECULAR AND COMPARATIVE PATHOBIOLOGY,Johns Hopkins,Mb
NEUROSCIENCE,Johns Hopkins,Nb
BIOMEDICAL ENGINEERING,Johns Hopkins,NA
PHYSIOLOGY,Johns Hopkins,NA
BIOMEDICAL SCIENCE,Kaiser Permanente-Tyson,NA
BIOCHEMISTRY AND MOLECULAR BIOLOGY,Kansas,BCMP
ANATOMY AND CELL BIOLOGY,Kansas,CB
BIOSTATISTICS AND DATA SCIENCE,Kansas,DBMI
HISTORY AND PHILOSOPHY OF MEDICINE,Kansas,GHSM
MICROBIOLOGY MOLECULAR GENETICS AND IMMUNOLOGY,Kansas,Mb;Gn;Imm
CANCER BIOLOGY,Kansas,NA
MOLECULAR AND INTEGRATIVE PHYSIOLOGY,Kansas,NA
PATHOLOGY AND LABORATORY MEDICINE,Kansas,NA
PHARMACOLOGY TOXICOLOGY AND THERAPEUTICS,Kansas,NA
POPULATION HEALTH,Kansas,NA
MOLECULAR AND CELLULAR BIOCHEMISTRY,Kentucky,BCMP
PHARMACOLOGY AND NUTRITIONAL SCIENCES,Kentucky,BCMP
MICROBIOLOGY IMMUNOLOGY AND MOLECULAR GENETICS,Kentucky,Mb;Imm;Gn
NEUROSCIENCE,Kentucky,Nb
BEHAVIORAL SCIENCE,Kentucky,NA
PHYSIOLOGY,Kentucky,NA
TOXICOLOGY AND CANCER BIOLOGY,Kentucky,NA
BASIC SCIENCES (BIOCHEMISTRY;MICROBIOLOGY AND MOLECULAR GENETICS;PHARMACOLOGY;PHYSIOLOGY;BIOMEDICAL ENGINEERING SCIENCES),Loma Linda,BCMP;Mb;Gn
PATHOLOGY AND HUMAN ANATOMY,Loma Linda,NA
PHARMACOLOGY AND TOXICOLOGY,Louisville,BCMP
BIOCHEMISTRY AND MOLECULAR GENETICS,Louisville,BCMP;Gn
MICROBIOLOGY AND IMMUNOLOGY,Louisville,Mb;Imm
ANATOMICAL SCIENCES AND NEUROBIOLOGY,Louisville,Nb
PHYSIOLOGY,Louisville,NA
BIOCHEMISTRY AND MOLECULAR BIOLOGY,Loyola Stritch,BCMP
MOLECULAR PHARMACOLOGY AND THERAPEUTICS (AND NEUROSCIENCE),Loyola Stritch,BCMP;Nb
INTEGRATIVE CELL BIOLOGY,Loyola Stritch,CB
PUBLIC HEALTH SCIENCES,Loyola Stritch,GHSM
MICROBIOLOGY AND IMMUNOLOGY,Loyola Stritch,Mb;Imm
CELL AND MOLECULAR PHYSIOLOGY,Loyola Stritch,BCMP;CB
CANCER BIOLOGY,Loyola Stritch,NA
BIOCHEMISTRY AND MOLECULAR BIOLOGY,LSU New Orleans,BCMP
PHARMACOLOGY AND EXPERIMENTAL THERAPEUTICS,LSU New Orleans,BCMP
CELL BIOLOGY AND ANATOMY,LSU New Orleans,CB
GENETICS,LSU New Orleans,Gn
MICROBIOLOGY IMMUN AND PARASITOLOGY,LSU New Orleans,Mb;Imm
PHYSIOLOGY,LSU New Orleans,NA
BIOCHEMISTRY AND MOLECULAR BIOLOGY,LSU Shreveport,BCMP
CELLULAR BIOLOGY AND ANATOMY,LSU Shreveport,CB
MICROBIOLOGY AND IMMUNOLOGY,LSU Shreveport,Mb;Imm
MOLECULAR AND CELLULAR PHYSIOLOGY,LSU Shreveport,BCMP;CB
PHARMACOLOGY TOXICOLOGY AND NEUROSCIENCE,LSU Shreveport,NA
BIOMEDICAL SCIENCES,Marshall-Edwards,NA
CLINICAL AND TRANSITIONAL SCIENCES,Marshall-Edwards,NA
BIOCHEMISTRY AND MOLECULAR BIOLOGY,Maryland,BCMP
PHARMACOLOGY,Maryland,BCMP
MICROBIOLOGY AND IMMUNOLOGY,Maryland,Mb;Imm
ANATOMY AND NEUROBIOLOGY,Maryland,Nb
PHYSIOLOGY,Maryland,NA
BIOCHEMISTRY AND MOLECULAR PHARMACOLOGY,Massachusetts,BCMP
MOLECULAR CELL AND CANCER BIOLOGY,Massachusetts,CB
POPULATION AND QUANTITATIVE HEALTH SCIENCES,Massachusetts,GHSM
MICROBIOLOGY AND PHYSIOLOGICAL SYSTEMS,Massachusetts,Mb
NEUROBIOLOGY,Massachusetts,Nb
PATHOLOGY,Massachusetts,NA
BIOCHEMISTRY AND MOLECULAR BIOLOGY,Mayo-Alix,BCMP
MOLECULAR PHARMACOLOGY AND EXPERIMENTAL THERAPEUTICS,Mayo-Alix,BCMP
ARTIFICIAL INTELLIGENCE AND INFORMATICS,Mayo-Alix,DBMI
BIOMEDICAL STATISTICS AND INFORMATICS,Mayo-Alix,DBMI
HEALTH CARE POLICY AND RESEARCH,Mayo-Alix,HCP
IMMUNOLOGY,Mayo-Alix,Imm
NEUROSCIENCE,Mayo-Alix,Nb
QUANTITATIVE HEALTH SCIENCES,Mayo-Alix,DBMI
CANCER BIOLOGY,Mayo-Alix,NA
EXPERIMENTAL PATHOLOGY AND LABORATORY MEDICINE,Mayo-Alix,NA
MOLECULAR MEDICINE,Mayo-Alix,NA
PHYSIOLOGY AND BIOMEDICAL ENGINEERING,Mayo-Alix,NA
BIOCHEMISTRY AND MOLECULAR BIOLOGY,MC Georgia Augusta,BCMP
CELLULAR BIOLOGY AND ANATOMY,MC Georgia Augusta,CB
NEUROSCIENCE AND REGENERATIVE MEDICINE,MC Georgia Augusta,Nb
POPULATION HEALTH SCIENCES,MC Georgia Augusta,GHSM
PATHOLOGY,MC Georgia Augusta,NA
PHARMACOLOGY AND TOXICOLOGY,MC Georgia Augusta,NA
PHYSIOLOGY,MC Georgia Augusta,NA
BIOCHEMISTRY,MC Wisconsin,BCMP
BIOPHYSICS,MC Wisconsin,BCMP
PHARMACOLOGY AND TOXICOLOGY,MC Wisconsin,BCMP
CELL BIOLOGY NEUROBIOLOGY AND ANATOMY,MC Wisconsin,Nb;CB
BIOMEDICAL ENGINEERING,MC Wisconsin,NA
PHYSIOLOGY,MC Wisconsin,NA
BIOCHEMISTRY AND CANCER BIOLOGY (NEUROSCIENCE AND PHARMACOLOGY),Meharry,BCMP;Nb
MICROBIOLOGY AND IMMUNOLOGY (AND PHYSIOLOGY),Meharry,Mb;Imm
PROFESSIONAL AND MEDICAL EDUCATION,Meharry,NA
BIOMEDICAL SCIENCES,Mercer,NA
BIOCHEMISTRY AND MOLECULAR BIOLOGY,Miami-Miller,BCMP
PHYSIOLOGY AND BIOPHYSICS,Miami-Miller,BCMP
MOLECULAR AND CELLULAR PHARMACOLOGY,Miami-Miller,BCMP;CB
CELL BIOLOGY,Miami-Miller,CB
MICROBIOLOGY AND IMMUNOLOGY,Miami-Miller,Mb;Imm
PUBLIC HEALTH SCIENCES,Miami-Miller,NA
BIOLOGICAL CHEMISTRY,Michigan,BCMP
CELL AND DEVELOPMENTAL BIOLOGY,Michigan,CB
MOLECULAR AND INTEGRATIVE PHYSIOLOGY,Michigan,BCMP
PHARMACOLOGY,Michigan,BCMP
COMPUTATIONAL MEDICINE AND BIOINFORMATICS,Michigan,DBMI
HUMAN GENETICS,Michigan,Gn
MICROBIOLOGY AND IMMUNOLOGY,Michigan,Mb;Imm
BIOMEDICAL ENGINEERING,Michigan,NA
LEARNING HEALTH SCIENCES,Michigan,NA
BIOCHEMISTRY AND MOLECULAR BIOLOGY,Michigan State,BCMP
PHARMACOLOGY AND TOXICOLOGY,Michigan State,BCMP
MICROBIOLOGY AND MOLECULAR GENETICS,Michigan State,Gn
MICROBIOLOGY AND MOLECULAR GENETICS,Michigan State,Mb
(TRANSLATIONAL) NEUROSCIENCE,Michigan State,Nb
EPIDEMIOLOGY AND BIOSTATISTICS,Michigan State,NA
PHYSIOLOGY,Michigan State,NA
BIOCHEMISTRY MOLECULAR BIOLOGY AND BIOPHYSICS,Minnesota,BCMP
PHARMACOLOGY,Minnesota,BCMP
GENETICS CELL BIOLOGY AND DEVELOPMENT,Minnesota,Gn;CB
MICROBIOLOGY AND IMMUNOLOGY,Minnesota,Mb;Imm
NEUROSCIENCE,Minnesota,Nb
INTEGRATIVE BIOLOGY AND PHYSIOLOGY,Minnesota,NA
PHYSIOLOGY AND BIOPHYSICS,Mississippi,BCMP
CELL AND MOLECULAR BIOLOGY,Mississippi,CB;BCMP
MICROBIOLOGY AND IMMUNOLOGY,Mississippi,Mb;Imm
NEUROBIOLOGY AND ANATOMICAL SCIENCES,Mississippi,Nb
PATHOLOGY,Mississippi,NA
PHARMACOLOGY AND TOXICOLOGY,Mississippi,NA
PREVENTIVE MEDICINE,Mississippi,NA
BIOCHEMISTRY,Missouri Columbia,BCMP
MEDICAL PHARMACOLOGY AND PHYSIOLOGY,Missouri Columbia,BCMP
HEALTH MANAGEMENT AND INFORMATICS,Missouri Columbia,GHSM;DBMI
MOLECULAR MICROBIOLOGY AND IMMUNOLOGY,Missouri Columbia,Mb;Imm
PATHOLOGY AND ANATOMICAL SCIENCES,Missouri Columbia,NA
BIOMEDICAL AND HEALTH INFORMATICS,Missouri Kansas City,DBMI
MEDICAL HUMANITIES AND BIOETHICS,Missouri Kansas City,GHSM
MICROBIOLOGY BIOCHEM AND IMMUNOLOGY,Morehouse,Mb;Imm;BCMP
NEUROBIOLOGY,Morehouse,Nb
COMMUNITY HEALTH AND PREVENTIVE MEDICINE,Morehouse,NA
PATHOLOGY AND ANATOMY,Morehouse,NA
PHARMACOLOGY AND TOXICOLOGY,Morehouse,NA
PHYSIOLOGY,Morehouse,NA
PATHOLOGY (MOLECULAR AND CELL-BASED MEDICINE),Mount Sinai-Icahn,BCMP;CB
PHARMACOLOGICAL SCIENCES,Mount Sinai-Icahn,BCMP
CELL DEVELOPMENTAL AND REGENERATIVE BIOLOGY,Mount Sinai-Icahn,CB;SCRB
POPULATION HEALTH SCIENCE AND POLICY,Mount Sinai-Icahn,HCP
GENETICS AND GENOMIC SCIENCES,Mount Sinai-Icahn,Gn
MICROBIOLOGY,Mount Sinai-Icahn,Mb
NEUROSCIENCE,Mount Sinai-Icahn,Nb
BIOCHEMISTRY AND MOLECULAR BIOLOGY,MU South Carolina,BCMP
REGENERATIVE MEDICINE AND CELL BIOLOLGY,MU South Carolina,CB;SCRB
MICROBIOLOGY AND IMMUNOLOGY,MU South Carolina,Mb;Imm
NEUROSCIENCE,MU South Carolina,Nb
COMPARATIVE MEDICINE,MU South Carolina,NA
PATHOLOGY AND LAB MEDICINE,MU South Carolina,NA
PHARMACOLOGY,MU South Carolina,NA
PUBLIC HEALTH SCIENCES,MU South Carolina,NA
BIOCHEMISTRY AND MOLEC BIOLOGY,Nebraska,BCMP
PHARMACOLOGY AND EXPERIMENTAL NEUROSCIENCE,Nebraska,BCMP
BIOSTATISTICS,Nebraska,DBMI
PATHOLOGY AND MICROBIOLOGY,Nebraska,Mb
CELLULAR AND INTEGRATIVE PHYSIOLOGY,Nebraska,NA
ENVIRONMENTAL AGRICULTURAL AND OCCUPATIONAL HEALTH,Nebraska,NA
EPIDEMIOLOGY,Nebraska,NA
GENETICS CELL BIOLOGY AND ANATOMY,Nebraska,NA
PHARMACOLOGY,Nevada Reno,BCMP
PHYSIOLOGY AND CELL BIOLOGY,Nevada Reno,CB
MICROBIOLOGY AND IMMUNOLOGY,Nevada Reno,Mb;Imm
PATHOLOGY,Nevada Reno,NA
BIOCHEMISTRY AND MOLECULAR BIOLOGY,New Mexico,BCMP
CELL BIOLOGY AND PHYSIOLOGY,New Mexico,CB
MOLECULAR GENETICS AND MICROBIOLOGY,New Mexico,Gn;Mb
NEUROSCIENCES,New Mexico,Nb
PATHOLOGY,New Mexico,NA
BIOCHEMISTRY AND MOLECULAR BIOLOGY,New York Medical,BCMP
PHARMACOLOGY,New York Medical,BCMP
CELL BIOLOGY AND ANATOMY,New York Medical,CB
PUBLIC HEALTH,New York Medical,GHSM
MICROBIOLOGY AND IMMUNOLOGY,New York Medical,Mb;Imm
PATHOLOGY,New York Medical,NA
PHYSIOLOGY,New York Medical,NA
BIOCHEMISTRY AND BIOPHYSICS,North Carolina,BCMP
PHARMACOLOGY,North Carolina,BCMP
CELL BIOLOGY AND PHYSIOLOGY,North Carolina,CB
SOCIAL MEDICINE,North Carolina,GHSM
GENETICS,North Carolina,Gn
MICROBIOLOGY AND IMMUNOLOGY,North Carolina,Mb;Imm
BIOMEDICAL ENGINEERING,North Carolina,NA
NUTRITION (PUBLIC HEALTH),North Carolina,NA
PHARMACOLOGY PHYSIOLOGY AND THERAPEUTICS,North Dakota,BCMP
BIOMEDICAL SCIENCES,North Dakota,NA
PATHOLOGY,North Dakota,NA
ANATOMY AND NEUROBIOLOGY,Northeast Ohio,Nb
PATHOLOGY,Northeast Ohio,NA
PHARMACOLOGY,Northwestern-Feinberg,BCMP
BIOCHEMISTRY AND MOLECULAR GENETICS,Northwestern-Feinberg,BCMP;Gn
CELL AND DEVELOPMENTAL BIOLOGY,Northwestern-Feinberg,CB
MICROBIOLOGY-IMMUNOLOGY,Northwestern-Feinberg,Mb;Imm
NEUROSCIENCE,Northwestern-Feinberg,Nb
FOUNDATIONS OF MEDICINE,NYU Long Island,NA
BIOCHEMISTRY AND MOLEC PHARMACOLOGY,NYU-Grossman,BCMP
CELL BIOLOGY,NYU-Grossman,CB
POPULATION HEALTH,NYU-Grossman,GHSM
MICROBIOLOGY,NYU-Grossman,Mb
NEUROSCIENCE AND PHYSIOLOGY,NYU-Grossman,Nb
ENVIRONMENTAL MEDICINE,NYU-Grossman,NA
PATHOLOGY,NYU-Grossman,NA
FOUNDATIONAL MEDICAL STUDIES,Oakland Beaumont,NA
BIOLOGICAL CHEMISTRY AND PHARMACOLOGY,Ohio State,BCMP
PHYSIOLOGY AND CELL BIOLOGY,Ohio State,CB
BIOMEDICAL INFORMATICS,Ohio State,DBMI
CANCER BIOLOGY AND GENETICS,Ohio State,Gn
MICROBIAL INFECTION AND IMMUNITY,Ohio State,Mb;Imm
NEUROSCIENCE,Ohio State,Nb
BIOMEDICAL EDUCATION AND ANATOMY,Ohio State,NA
BIOCHEMISTRY AND MOLECULAR BIOL,Oklahoma,BCMP
CELL BIOLOGY,Oklahoma,CB
MICROBIOLOGY AND IMMUNOLOGY,Oklahoma,Mb;Imm
PHYSIOLOGY,Oklahoma,NA
CHEMICAL PHYSIOLOGY AND BIOCHEMISTRY,Oregon,BCMP
BIOCHEMISTRY AND MOLECULAR BIOLOGY (OLD),Oregon,BCMP
PHYSIOLOGY AND PHARMACOLOGY (OLD),Oregon,BCMP
CELL DEVELOPMENTAL AND CANCER BIOLOGY,Oregon,CB
MEDICAL INFORMATICS AND CLINICAL EPIDEMIOLOGY,Oregon,DBMI
MOLECULAR AND MEDICAL GENETICS,Oregon,Gn
MOLECULAR MICROBIOLOGY AND IMMUNOLOGY,Oregon,Mb;Imm
BEHAVIORAL NEUROSCIENCE,Oregon,Nb
COMPUTATIONAL BIOLOGY,Oregon,SB
BIOMEDICAL ENGINEERING,Oregon,NA
BIOCHEMISTRY AND MOLECULAR BIOLOGY,Penn State,BCMP
CELLULAR AND MOLECULAR PHYSIOLOGY,Penn State,BCMP;CB
PHARMACOLOGY,Penn State,BCMP
HUMANITIES,Penn State,GHSM
MICROBIOLOGY AND IMMUNOLOGY,Penn State,Mb;Imm
NEURAL AND BEHAVIORAL SCIENCES,Penn State,Nb
COMPARATIVE MEDICINE,Penn State,NA
PUBLIC HEALTH SCIENCES,Penn State,NA
BIOCHEMISTRY AND BIOPHYSICS,Pennsylvania-Perelman,BCMP
SYSTEMS PHARMACOLOGY AND TRANSLATIONAL THERAPEUTICS,Pennsylvania-Perelman,BCMP
CANCER BIOLOGY,Pennsylvania-Perelman,NA
CELL AND DEVELOPMENTAL BIOLOGY,Pennsylvania-Perelman,CB
BIOSTATISTICS EPIDEMIOLOGY AND INFORMATICS,Pennsylvania-Perelman,DBMI
MEDICAL ETHICS AND HEALTH POLICY,Pennsylvania-Perelman,GHSM;HCP
GENETICS,Pennsylvania-Perelman,Gn
MICROBIOLOGY,Pennsylvania-Perelman,Mb
NEUROSCIENCE,Pennsylvania-Perelman,Nb
PHYSIOLOGY,Pennsylvania-Perelman,NA
PHARMACOLOGY AND CHEMICAL BIOLOGY,Pittsburgh,BCMP
CELL BIOLOGY,Pittsburgh,CB
BIOMEDICAL INFORMATICS,Pittsburgh,DBMI
IMMUNOLOGY,Pittsburgh,Imm
MICROBIOLOGY AND MOLECULAR GENETICS,Pittsburgh,Mb;Gn
NEUROBIOLOGY,Pittsburgh,Nb
COMPUTATIONAL AND SYSTEMS BIOLOGY,Pittsburgh,SB
DEVELOPMENTAL BIOLOGY,Pittsburgh,NA
PATHOLOGY,Pittsburgh,NA
STRUCTURAL BIOLOGY,Pittsburgh,NA
BIOCHEMISTRY (BASIC SCIENCES),Ponce,BCMP
PHARMACOLOGY (BASIC SCIENCES),Ponce,BCMP
MICROBIOLOGY (BASIC SCIENCES),Ponce,Mb
PHYSIOLOGY (BASIC SCIENCES),Ponce,NA
BIOCHEMISTRY,Puerto Rico,BCMP
PHARMACOLOGY AND TOXICOLOGY,Puerto Rico,BCMP
MICROBIOLOGY,Puerto Rico,Mb
ANATOMY AND NEUROBIOLOGY,Puerto Rico,Nb
PHYSIOLOGY,Puerto Rico,NA
PHYSIOLOGY AND BIOPHYSICS,Renaissance Stony Brook,BCMP
BIOCHEMISTRY AND CELL BIOLOGY,Renaissance Stony Brook,BCMP;CB
BIOMEDICAL INFORMATICS,Renaissance Stony Brook,DBMI
FAMILY POPULATION AND PREVENTIVE MEDICINE,Renaissance Stony Brook,GHSM
MICROBIOLOGY AND IMMUNOLOGY,Renaissance Stony Brook,Mb;Imm
NEUROBIOLOGY AND BEHAVIOR,Renaissance Stony Brook,Nb
ANATOMICAL SCIENCES,Renaissance Stony Brook,NA
BIOMEDICAL ENGINEERING,Renaissance Stony Brook,NA
PATHOLOGY,Renaissance Stony Brook,NA
BIOCHEMISTRY AND BIOPHYSICS,Rochester,BCMP
CARDIOVASCULAR RESEARCH INSTITUTE,Rochester,NA
PHARMACOLOGY AND PHYSIOLOGY,Rochester,BCMP
BIOSTATISTICS AND COMPUTATIONAL BIOLOGY,Rochester,DBMI
MEDICAL HUMANITIES AND BIOETHICS,Rochester,GHSM
BIOMEDICAL GENETICS,Rochester,Gn
CENTER FOR VACCINE BIOLOGY AND IMMUNOLOGY,Rochester,Imm
MICROBIOLOGY AND IMMUNOLOGY,Rochester,Mb;Imm
CENTER FOR NEUROTHERAPEUTICS DISCOVERY,Rochester,Nb
CENTER FOR TRANSLATIONAL NEUROMED,Rochester,Nb
NEUROSCIENCE,Rochester,Nb
BIOMEDICAL ENGINEERING,Rochester,NA
CANCER CENTER,Rochester,NA
CENTER FOR COMMUNITY HEALTH AND PREVENTION,Rochester,NA
CENTER FOR HEALTH AND TECHNOLOGY,Rochester,NA
COMPARATIVE MEDICINE,Rochester,NA
ENVIRONMENTAL MEDICINE,Rochester,NA
PATHOLOGY AND LAB MEDICINE,Rochester,NA
PUBLIC HEALTH SCIENCES,Rochester,NA
PHYSIOLOGY AND BIOPHYSICS,Rush,BCMP
ANATOMY AND CELL BIOLOGY,Rush,CB
PREVENTIVE MEDICINE,Rush,GHSM
MICROBIAL PATHOGENS AND IMMUNITY,Rush,Mb;Imm
PATHOLOGY,Rush,NA
CELL BIOLOGY AND MOLECULAR MEDICINE,Rutgers New Jersey,CB;BCMP
PATHOLOGY IMMUNOLOGY AND LABORATORY MEDICINE,Rutgers New Jersey,Imm
MICROBIOLOGY BIOCHEM AND MOLECULAR GENETICS,Rutgers New Jersey,Mb;BCMP;Gn
PHARMACOLOGY PHYSIOLOGY AND NEUROSCIENCE,Rutgers New Jersey,Nb;BCMP
BIOCHEMISTRY AND MOLECULAR BIOLOGY,Rutgers New Jersey (RW Johnson),BCMP
NEUROSCIENCE AND CELL BIOLOGY,Rutgers New Jersey (RW Johnson),Nb;CB
PATHOLOGY AND LABORATORY MEDICINE,Rutgers New Jersey (RW Johnson),NA
PHARMACOLOGY,Rutgers New Jersey (RW Johnson),NA
BIOCHEMISTRY AND MOLECULAR BIOLOGY,Saint Louis,BCMP
MOLECULAR MICROBIOLOGY AND IMMUNOLOGY,Saint Louis,Mb;Imm
COMPARATIVE MEDICINE,Saint Louis,NA
CLINICAL TRIALS OFFICE,Saint Louis,NA
PATHOLOGY,Saint Louis,NA
PHARMACOLOGICAL AND PHYSIOLOGICAL SCIENCE,Saint Louis,NA
ANATOMY,San Juan Bautista,NA
BIOCHEMISTRY/PHARMACOLOGY,San Juan Bautista,NA
MICROBIOLOGY,San Juan Bautista,NA
PHYSIOLOGY/PATHOLOGY,San Juan Bautista,NA
BIOCHEMISTRY AND MOLECULAR BIOLOGY,South Alabama,BCMP
PHARMACOLOGY,South Alabama,BCMP
PHYSIOLOGY AND CELL BIOLOGY,South Alabama,CB
MICROBIOLOGY AND IMMUNOLOGY,South Alabama,Mb;Imm
COMPARATIVE MEDICINE,South Alabama,NA
CELL BIOLOGY AND ANATOMY,South Carolina Columbia,CB
PATHOLOGY MICROBIOLOGY AND IMMUNOLOGY,South Carolina Columbia,Mb;Imm
PHARMACOLOGY PHYSIOLOGY AND NEUROSCIENCE,South Carolina Columbia,Nb;BCMP
Biomedical Sciences,South Carolina Greenville,NA
NEUORSCIENCES,South Dakota-Sanford,Nb
BASIC BIOMEDICAL SCIENCES,South Dakota-Sanford,NA
BIOCHEMISTRY AND MOLECULAR MEDICINE,Southern Cal-Keck,BCMP
MOLECULAR MICROBIOLOGY AND IMMUNOLOGY,Southern Cal-Keck,Mb;Imm
POPULATION AND PUBLIC HEALTH SCIENCES,Southern Cal-Keck,GHSM
TRANSLATIONAL GENOMICS,Southern Cal-Keck,Gn
PHYSIOLOGY AND NEUROSCIENCE,Southern Cal-Keck,Nb
STEM CELL BIOLOGY AND REGENERATIVE MEDICINE,Southern Cal-Keck,SCRB
INTEGRATIVE ANATOMICAL SCIENCE,Southern Cal-Keck,NA
MEDICAL EDUCATION,Southern Cal-Keck,NA
BIOCHEMISTRY AND MOLECULAR BIOLOGY,Southern Illinois (Carbondale),BCMP
ANATOMY,Southern Illinois (Carbondale),NA
PHYSIOLOGY,Southern Illinois (Carbondale),NA
MEDICAL EDUCATION,Southern Illinois (Carbondale),NA
PHARMACOLOGY,Southern Illinois (Springfield),BCMP
INFORMATION AND COMMUNICATION SCIENCES,Southern Illinois (Springfield),DBMI
MEDICAL HUMANITIES,Southern Illinois (Springfield),GHSM
POPULATION SCIENCES AND POLICY,Southern Illinois (Springfield),HCP
MEDICAL MICROBIOLOGY IMMUNOLOGY AND CELL BIOLOGY,Southern Illinois (Springfield),Mb;Imm;CB
MEDICAL EDUCATION,Southern Illinois (Springfield),NA
BIOCHEMISTRY,Stanford,BCMP
MOLECULAR AND CELLULAR PHYSIOLOGY,Stanford,BCMP;CB
CENTER FOR BIOMEDICAL INFORMATICS RESEARCH,Stanford,DBMI
GENETICS,Stanford,Gn
MICROBIOLOGY AND IMMUNOLOGY,Stanford,Mb;Imm
NEUROBIOLOGY,Stanford,Nb
CHEMICAL AND SYSTEMS BIOLOGY,Stanford,SB
BIOENGINEERING,Stanford,NA
COMPARATIVE MEDICINE,Stanford,NA
DEVELOPMENTAL BIOLOGY,Stanford,NA
EPIDEMIOLOGY AND POPULATION HEALTH,Stanford,NA
STRUCTURAL BIOLOGY,Stanford,NA
PHYSIOLOGY AND PHARMACOLOGY,SUNY Downstate,BCMP
CELL BIOLOGY,SUNY Downstate,CB
PATHOLOGY,SUNY Downstate,NA
BIOCHEMISTRY AND MOLECULAR BIOLOGY,SUNY Upstate,BCMP
PHARMACOLOGY,SUNY Upstate,BCMP
CELL AND DEVELOPMENTAL BIOLOGY,SUNY Upstate,CB
MICROBIOLOGY AND IMMUNOLOGY,SUNY Upstate,Mb;Imm
NEUROSCIENCE AND PHYSIOLOGY,SUNY Upstate,Nb
INSTITUTE FOR CANCER RESEARCH,TCU UNTHSC,NA
CENTER FOR TRANSLATIONAL MEDICINE (CARDIOVASCULAR SCIENCES),Temple-Katz,BCMP
FELS INST FOR CANCER RESEARCH AND MOLECULAR BIOLOGY (CANCER AND CELLULAR BIOLOGY),Temple-Katz,CB
CENTER FOR BIOSTATISTICS AND EPIDEMIOLOGY (BIOMEDICAL EDUCATION AND DATA SCIENCE),Temple-Katz,DBMI
CENTER FOR URBAN BIOETHICS (URBAN HEALTH AND POPULATION SCIENCE),Temple-Katz,GHSM
CENTER FOR ASIAN HEALTH (URBAN HEALTH AND POPULATION SCIENCE),Temple-Katz,GHSM
HOPE CENTER FOR COLLEGE COMMUNITY AND JUSTICE (URBAN HEALTH AND POPULATION SCIENCE),Temple-Katz,GHSM
MEDICAL GENETICS AND MOLEC BIOCHEMISTRY,Temple-Katz,Gn;BCMP
MICROBIOLOGY AND IMMUNOLOGY (MICROBIOLOGY IMMUNOLOGY AND INFLAMMATION),Temple-Katz,Mb;Imm
NEUROVIROLOGY AND GENE EDITING (MICROBIOLOGY IMMUNOLOGY AND INFLAMMATION),Temple-Katz,Mb;Imm
LUNG RESEARCH CENTER (MICROBIOLOGY IMMUNOLOGY AND INFLAMMATION),Temple-Katz,Mb;Imm
CENTER FOR SUBSTANCE ABUSE RESEARCH (NEURAL SCIENCES),Temple-Katz,Nb
ALZHEIMER'S CENTER (NEURAL SCIENCES),Temple-Katz,Nb
SHRINERS HOSPITALS PEDIATRIC RESEARCH CENTER (NEURAL SCIENCES),Temple-Katz,Nb
CARDIOVASCULAR RESEARCH CENTER (CARDIOVASCULAR SCIENCES),Temple-Katz,NA
LEMOLE CENTER FOR INTEGRATED LYMPHATICS RESEARCH (CARDIOVASCULAR SCIENCES),Temple-Katz,NA
CENTER FOR METABOLIC DISEASE RESEARCH (CARDIOVASCULAR SCIENCES),Temple-Katz,NA
THROMBOSIS RESEARCH CENTER (CARDIOVASCULAR SCIENCES),Temple-Katz,NA
PATHOLOGY AND LAB MEDICINE,Temple-Katz,NA
PHARMACOLOGY (ADDICTION SCIENCE AND TOXICOLOGY),Tennessee,BCMP
GENETICS GENOMICS AND INFORMATICS,Tennessee,Gn;DBMI
MICROBIOLOGY IMMUNOLOGY AND BIOCHEMISTRY,Tennessee,Mb;Imm;BCMP
ANATOMY AND NEUROBIOLOGY,Tennessee,Nb
PATHOLOGY,Tennessee,NA
PHYSIOLOGY,Tennessee,NA
PREVENTIVE MEDICINE,Tennessee,NA
MOLECULAR AND CELLULAR MEDICINE,Texas A & M,BCMP;CB
HUMANITIES IN MEDICINE,Texas A & M,GHSM
NEUROSCIENCE AND EXPERIMENTAL THERAPEUTICS,Texas A & M,Nb
MEDICAL EDUCATION,Texas A & M,NA
MEDICAL PHYSIOLOGY,Texas A & M,NA
MICROBIAL PATHOGENESIS AND IMMUNOLOGY,Texas A & M,NA
TRANSLATIONAL MEDICAL SCIENCES,Texas A & M,NA
CELLULAR PHYSIOLOGY AND MOLEC BIOPHYSICS,Texas Tech,BCMP
CELL BIOLOGY AND BIOCHEMISTRY,Texas Tech,CB;BCMP
IMMUNOLOGY AND MOLECULAR MICROBIOLOGY,Texas Tech,Imm;Mb
PHARMACOLOGY AND NEUROSCIENCE,Texas Tech,Nb;BCMP
MEDICAL EDUCATION,Texas Tech,NA
MOLECULAR AND TRANSITIONAL MEDICINE,Texas Tech-Foster,BCMP
PHYSIOLOGY AND PHARMACOLOGY,Toledo,BCMP
MEDICAL MICROBIOLOGY AND IMMUNOLOGY,Toledo,Mb;Imm
NEUROSCIENCES,Toledo,Nb
CANCER BIOLOGY,Toledo,NA
PATHOLOGY,Toledo,NA
DEVELOPMENTAL MOLEC AND CHEMICAL BIOL,Tufts,BCMP
IMMUNOLOGY,Tufts,Imm
MOLECULAR BIOLOGY AND MICROBIOLOGY,Tufts,Mb;Gn
NEUROSCIENCE,Tufts,Nb
BIOCHEMISTRY AND MOLECULAR BIOLOGY,Tulane,BCMP
PHARMACOLOGY,Tulane,BCMP
STRUCTURAL AND CELLULAR BIOLOGY,Tulane,CB
MICROBIOLOGY AND IMMUNOLOGY,Tulane,Mb;Imm
PATHOLOGY AND LABORATORY MEDICINE,Tulane,NA
PHYSIOLOGY,Tulane,NA
BIOCHEMISTRY,U Washington,BCMP
PHARMACOLOGY,U Washington,BCMP
PHYSIOLOGY AND BIOPHYSICS,U Washington,BCMP
MOLECULAR AND CELLULAR BIOLOGY,U Washington,CB
BIOMEDICAL INFORMATICS AND MEDICAL EDUCATION,U Washington,DBMI
BIOETHICS AND HUMANITIES,U Washington,GHSM
GLOBAL HEALTH,U Washington,GHSM
GENOME SCIENCES,U Washington,Gn
IMMUNOLOGY,U Washington,Imm
MICROBIOLOGY,U Washington,Mb
NEUROSCIENCE,U Washington,Nb
BIOENGINEERING,U Washington,NA
BIOLOGICAL STRUCTURE,U Washington,NA
PATHOLOGY,U Washington,NA
MOLECULAR MEDICINE AND MECHANISMS OF DISEASE,U Washington,NA
REHABILITATION MEDICINE,U Washington,NA
BIOCHEMISTRY AND MOLECULAR MEDICINE,UC Davis,BCMP
PHARMACOLOGY,UC Davis,BCMP
CELL BIOLOGY AND HUMAN ANATOMY,UC Davis,CB
MEDICAL MICROBIOLOGY AND IMMUNOLOGY,UC Davis,Mb;Imm
PHYSIOLOGY AND MEMBRANE BIOLOGY,UC Davis,NA
PUBLIC HEALTH SCIENCES,UC Davis,NA
BIOLOGICAL CHEMISTRY,UC Irvine,BCMP
PHARMACOLOGY,UC Irvine,BCMP
PHYSIOLOGY AND BIOPHYSICS,UC Irvine,BCMP
MICROBIOLOGY AND MOLECULAR GENETICS,UC Irvine,Mb;Gn
ANATOMY AND NEUROBIOLOGY,UC Irvine,Nb
EPIDEMIOLOGY,UC Irvine,NA
SOCIAL MEDICINE POPULATION AND PUBLIC HEALTH,UC Riverside,GHSM
BIOMEDICAL SCIENCES,UC Riverside,NA
PHARMACOLOGY,UC San Diego,BCMP
CELLULAR AND MOLECULAR MEDICINE,UC San Diego,CB
NEUROSCIENCES,UC San Diego,Nb
PATHOLOGY,UC San Diego,NA
BIOCHEMISTRY AND BIOPHYSICS,UC San Fransisco,BCMP
CELLULAR AND MOLECULAR PHARMACOLOGY,UC San Fransisco,BCMP;CB
HUMANITIES AND SOCIAL SCIENCES,UC San Fransisco,GHSM
MICROBIOLOGY AND IMMUNOLOGY,UC San Fransisco,Mb;Imm
EPIDEMIOLOGY AND BIOSTATISTICS,UC San Fransisco,DBMI
ANATOMY,UC San Fransisco,NA
LABORATORY MEDICINE,UC San Fransisco,NA
PHYSIOLOGY,UC San Fransisco,NA
POPULATION HEALTH SCIENCES,UCF,GHSM
SCHOOL OF BIOMEDICAL SCIENCES,UCF,NA
BIOLOGICAL CHEMISTRY,UCLA-Geffen,BCMP
MOLECULAR AND MED PHARMACOLOGY,UCLA-Geffen,BCMP
HUMAN GENETICS,UCLA-Geffen,Gn
MICROBIOLOGY IMMUN AND MOLEC GENETICS,UCLA-Geffen,Mb;Imm;Gn
NEUROBIOLOGY,UCLA-Geffen,Nb
COMPUTATIONAL MEDICINE,UCLA-Geffen,DBMI
PHYSIOLOGY,UCLA-Geffen,NA
BIOCHEMISTRY,Uniformed Services-Hebert,BCMP
PHARMACOLOGY AND MOLECULAR THERAPEUTICS,Uniformed Services-Hebert,BCMP
PREVENTIVE MEDICINE AND BIOSTATISTICS,Uniformed Services-Hebert,GHSM;DBMI
ANATOMY PHYSIOLOGY AND GENETICS,Uniformed Services-Hebert,Gn
MICROBIOLOGY AND IMMUNOLOGY,Uniformed Services-Hebert,Mb;Imm
PATHOLOGY,Uniformed Services-Hebert,NA
MOLECULAR MEDICINE,USF-Morsani,BCMP
MOLECULAR PHARMACOLOGY AND PHYSIOLOGY,USF-Morsani,BCMP
PATHOLOGY AND CELL BIOLOGY,USF-Morsani,CB
POPULATION HEALTH,UT Austin-Dell,GHSM
HEALTH SOCIAL WORK,UT Austin-Dell,NA
BIOCHEMISTRY AND MOLECULAR BIOLOGY,UT Houston-McGovern,BCMP
INTEGRATIVE BIOLOGY AND PHARMACOLOGY,UT Houston-McGovern,BCMP
MICROBIOLOGY AND MOLEC GENETICS,UT Houston-McGovern,Mb;Gn
NEUROBIOLOGY AND ANATOMY,UT Houston-McGovern,Nb
PATHOLOGY AND LABORATORY MEDICINE,UT Houston-McGovern,NA
BIOCHEMISTRY AND MOLECULAR BIOLOGY,UT Medical Branch,BCMP
NEUROSCIENCE CELL BIOLOGY AND ANATOMY,UT Medical Branch,CB
PREVENTIVE MEDICINE AND COMMUNITY HEALTH,UT Medical Branch,GHSM
HEALTH POLICY AND LEGISLATIVE AFFAIRS,UT Medical Branch,HCP
MICROBIOLOGY AND IMMUNOLOGY,UT Medical Branch,Mb;Imm
BIOSTATISTICS,UT Medical Branch,NA
INSTITUTE FOR TRANSLATIONAL SCIENCES,UT Medical Branch,NA
PATHOLOGY,UT Medical Branch,NA
PHARMACOLOGY AND TOXICOLOGY,UT Medical Branch,NA
MOLECULAR SCIENCE,UT Rio Grande Valley,BCMP
PHARMACOLOGY,UT Rio Grande Valley,BCMP
POPULATION HEALTH AND BIOSTATISTICS,UT Rio Grande Valley,GHSM
HUMAN GENETICS,UT Rio Grande Valley,Gn
IMMUNOLOGY AND MICROBIOLOGY,UT Rio Grande Valley,Imm;Mb
NEUROSCIENCE,UT Rio Grande Valley,Nb
BIOCHEMISTRY AND STRUCTURAL BIOLOGY,UT San Antonio-Long,BCMP
EPIDEMIOLOGY AND BIOSTATISTICS,UT San Antonio-Long,DBMI
POPULATION HEALTH SERVICES,UT San Antonio-Long,GHSM
MICROBIOLOGY IMMUNOLOGY AND MOLEC GENETICS,UT San Antonio-Long,Mb;Imm;Gn
CELLULAR AND INTEGRATIVE PHYSIOLOGY,UT San Antonio-Long,NA
CELL SYSTEMS AND ANATOMY,UT San Antonio-Long,NA
MOLECULAR MEDICINE,UT San Antonio-Long,NA
PHARMACOLOGY,UT San Antonio-Long,NA
BIOCHEMISTRY,UT Southwestern,BCMP
BIOPHYSICS,UT Southwestern,BCMP
MOLECULAR BIOLOGY,UT Southwestern,BCMP
PHARMACOLOGY,UT Southwestern,BCMP
CELL BIOLOGY,UT Southwestern,CB
BIOINFORMATICS,UT Southwestern,DBMI
MOLECULAR GENETICS,UT Southwestern,Gn
IMMUNOLOGY,UT Southwestern,Imm
MICROBIOLOGY,UT Southwestern,Mb
NEUROSCIENCE,UT Southwestern,Nb
PHYSIOLOGY,UT Southwestern,NA
POPULATION AND DATA SCIENCES,UT Southwestern,NA
BIOCHEMISTRY,Utah,BCMP
BIOMEDICAL INFORMATICS,Utah,DBMI
POPULATION HEALTH SCIENCES,Utah,GHSM
HUMAN GENETICS,Utah,Gn
NEUROBIOLOGY AND ANATOMY,Utah,Nb
ONCOLOGICAL SCIENCES,Utah,NA
PATHOLOGY,Utah,NA
BIOCHEMISTRY,Vanderbilt,BCMP
MOLECULAR PHYSIOLOGY AND BIOPHYSICS,Vanderbilt,BCMP
PHARMACOLOGY,Vanderbilt,BCMP
CELL AND DEVELOPMENTAL BIOLOGY,Vanderbilt,CB
BIOMEDICAL INFORMATICS,Vanderbilt,DBMI
BIOCHEMISTRY,Vermont-Larner,BCMP
MOLECULAR PHYSIOLOGY AND BIOPHYSICS,Vermont-Larner,BCMP
MICROBIOLOGY AND MOLECULAR GENETICS,Vermont-Larner,Mb;Gn
PATHOLOGY AND LABORATORY MEDICINE,Vermont-Larner,NA
PHARMACOLOGY,Vermont-Larner,NA
MOLECULAR PHYSIOLOGY AND BIOLOGICAL PHYSICS,Virginia,BCMP
BIOCHEMISTRY AND MOLECULAR GENETICS,Virginia,BCMP;Gn
MICROBIOLOGY IMMUN AND CANCER BIOLOGY,Virginia,Mb;Imm
NEUROSCIENCE,Virginia,Nb
BIOMEDICAL ENGINEERING,Virginia,NA
CELL BIOLOGY,Virginia,NA
PHARMACOLOGY,Virginia,NA
PUBLIC HEALTH SCIENCES,Virginia,NA
BIOCHEMISTRY AND MOLECULAR BIOLOGY,Virginia Commonwealth,BCMP
PHARMACOLOGY AND TOXICOLOGY,Virginia Commonwealth,BCMP
PHYSIOLOGY AND BIOPHYSICS,Virginia Commonwealth,BCMP
HEALTH BEHAVIOR AND POLICY,Virginia Commonwealth,HCP
MICROBIOLOGY AND IMMUNOLOGY,Virginia Commonwealth,Mb;Imm
BIOSTATISTICS,Virginia Commonwealth,DBMI
ANATOMY AND NEUROBIOLOGY,Virginia Commonwealth,NA
BASIC SCIENCE EDUCATION,Virginia Tech Carilion,NA
BIOCHEMISTRY,Wake Forest,BCMP
MOLECULAR MEDICINE,Wake Forest,BCMP
CANCER BIOLOGY,Wake Forest,NA
BIOSTATISTICAL SCIENCES,Wake Forest,DBMI
SOCIAL SCIENCES AND HEALTH POLICY,Wake Forest,GHSM;HCP
MICROBIOLOGY AND IMMUNOLOGY,Wake Forest,Mb;Imm
NEUROBIOLOGY AND ANATOMY,Wake Forest,Nb
BIOMEDICAL ENGINEERING,Wake Forest,NA
COMPARATIVE MEDICINE,Wake Forest,NA
EPIDEMIOLOGY AND PREVENTION,Wake Forest,NA
IMPLEMENTATION SCIENCE,Wake Forest,NA
PUBLIC HEALTH SCIENCES,Wake Forest,NA
TRANSLATIONAL MEDICINE AND PHYSIOLOGY,Washington State-Floyd,NA
BIOCHEMISTRY AND MOLECULAR BIOPHYSICS,Washington U St Louis,BCMP
CELL BIOLOGY AND PHYSIOLOGY,Washington U St Louis,CB
GENETICS,Washington U St Louis,Gn
PATHOLOGY AND IMMUNOLOGY,Washington U St Louis,Imm
MOLECULAR MICROBIOLOGY,Washington U St Louis,Mb
NEUROSCIENCE,Washington U St Louis,Nb
BIOSTATISTICS,Washington U St Louis,DBMI
DEVELOPMENTAL BIOLOGY,Washington U St Louis,NA
BIOCHEMISTRY AND MOLECULAR BIOLOGY,Wayne State,BCMP
PHARMACOLOGY,Wayne State,BCMP
PHYSIOLOGY,Wayne State,NA
ONCOLOGY,Wayne State,NA
IMMUNOLOGY AND MICROBIOLOGY,Wayne State,Mb;Imm
OPHTHAMOLOGY VISUAL AND ANATOMICAL SCIENCES,Wayne State,NA
BIOCHEMISTRY,West Virginia,BCMP
PHYSIOLOGY (AND) PHARMACOLOGY AND NEUROSCIENCE,West Virginia,BCMP
HEALTH INFORMATICS AND INFORMATION MANAGEMENT,West Virginia,DBMI
MICROBIOLOGY IMMUNOLOGY AND CELL BIOLOGY,West Virginia,Mb;Imm;CB
NEUROSCIENCE,West Virginia,Nb
PATHOLOGY ANATOMY AND LABORATORY MEDICINE,West Virginia,NA
BIOMEDICAL INFORMATICS,Western Michigan-Stryker,DBMI
BIOMEDICAL SCIENCES,Western Michigan-Stryker,NA
MEDICAL ETHICS HUMANITIES AND LAW,Western Michigan-Stryker,GHSM
PATHOLOGY,Western Michigan-Stryker,NA
BIOMOLECULAR CHEMISTRY,Wisconsin,BCMP
MEDICAL PHYSICS,Wisconsin,BCMP
BIOSTATISTICS AND MED INFORMATICS,Wisconsin,DBMI
MEDICAL HISTORY AND BIOETHICS,Wisconsin,GHSM
MEDICAL GENETICS,Wisconsin,Gn
MEDICAL MICROBIOLOGY AND IMMUNOLOGY,Wisconsin,Mb;Imm
NEUROSCIENCE,Wisconsin,Nb
CELL AND REGENERATIVE BIOLOGY,Wisconsin,SCRB;CB
ONCOLOGY,Wisconsin,NA
POPULATION HEALTH SCIENCES,Wisconsin,NA
BIOCHEMISTRY AND MOLEC BIOLOGY,Wright State-Boonshoft,BCMP
NEUROSCIENCE CELL BIOL AND PHYSIOLOGY,Wright State-Boonshoft,Nb;CB
PATHOLOGY,Wright State-Boonshoft,NA
PHARMACOLOGY AND TOXICOLOGY,Wright State-Boonshoft,NA
POPULATION AND PUBLIC HEALTH SCIENCES,Wright State-Boonshoft,NA
MOLECULAR BIOPHYSICS AND BIOCHEMISTRY,Yale,BCMP
CELLULAR AND MOLECULAR PHYSIOLOGY,Yale,BCMP;CB
CELL BIOLOGY,Yale,CB
GENETICS,Yale,Gn
IMMUNOBIOLOGY,Yale,Imm
MICROBIAL PATHOGENESIS,Yale,Mb
NEUROSCIENCE,Yale,Nb
COMPARATIVE MEDICINE,Yale,NA
LABORATORY MEDICINE,Yale,NA
MOLECULAR MEDICINE,Zucker Hofstra Northwell,BCMP
OCCUPATIONAL MEDICINE EPIDEMIOLOGY AND PREVENTION,Zucker Hofstra Northwell,GHSM
PATHOLOGY AND LABORATORY MEDICINE,Zucker Hofstra Northwell,NA
